"PRODUCT_CODE","PRODUCT_DESCRIPTION","MODULE"
"CQWL","Cheque withdrawal","RT"
"03F1","3 ayliq deposit XV % ayliq","LD"
"03L1","3 ayliq deposit MV % ayliq","LD"
"06F1","6 ayliq deposit XV % ayliq","LD"
"06L1","6 ayliq deposit MV % ayliq","LD"
"09F1","9 ayliq deposit XV % ayliq","LD"
"09L1","9 ayliq deposit MV % ayliq","LD"
"12F1","12 ayliq deposit XV % ayliq","LD"
"12F3","12 ayliq deposit XV % mud.sonu","LD"
"12L1","12 ayliq deposit MV % ayliq","LD"
"12L3","12 ayliq deposit MV % mud.sonu","LD"
"18F1","18 ayliq deposit XV % ayliq","LD"
"18F2","18 ayliq deposit XV % illik","LD"
"18F3","18 ayliq deposit XV % mud.sonu","LD"
"18L1","18 ayliq deposit MV % ayliq","LD"
"18L2","18 ayliq deposit MV % illik","LD"
"18L3","18 ayliq deposit MV % mud.sonu","LD"
"24CD","24 Ayliq uşaq əmanəti","LD"
"24F1","24 ayliq deposit XV % ayliq","LD"
"24F2","24 ayliq deposit XV % illik","LD"
"24F3","24 ayliq deposit XV % mud.sonu","LD"
"24L1","24 ayliq deposit MV % ayliq","LD"
"24L2","24 ayliq deposit MV % illik","LD"
"24L3","24 ayliq deposit MV % mud.sonu","LD"
"36CD","36 Ayliq uşaq əmanəti","LD"
"36F1","36 ayliq deposit XV % ayliq","LD"
"36F2","36 ayliq deposit XV % illik","LD"
"36F3","36 ayliq deposit XV % mud.sonu","LD"
"36L1","36 ayliq deposit MV % ayliq","LD"
"36L2","36 ayliq deposit MV % illik","LD"
"36L3","36 ayliq deposit MV % mud.sonu","LD"
"48CD","48 Ayliq uşaq əmanəti","LD"
"48F1","48 ayliq deposit XV % ayliq","LD"
"48F2","48 ayliq deposit XV % illik","LD"
"48F3","48 ayliq deposit XV % mud.sonu","LD"
"48L1","48 ayliq deposit MV % ayliq","LD"
"48L2","48 ayliq deposit MV % illik","LD"
"48L3","48 ayliq deposit MV % mud.sonu","LD"
"60CD","60 Ayliq uşaq əmanəti","LD"
"60F1","60 ayliq deposit XV faiz ayliq","LD"
"NCL5","YENI MUSTERI UMK-AZN","CL"
"IPL5","SIGORTALANMIS PENSIYA  UMK-AZN","CL"
"60F2","60 ayliq deposit XV % illik","LD"
"60F3","60 ayliq deposit XV % mud.sonu","LD"
"60L1","60 ayliq deposit MV % ayliq","LD"
"60L2","60 ayliq deposit MV % illik","LD"
"60L3","60 ayliq deposit MV % mud.sonu","LD"
"84F1","84 ayliq deposit XV % ayliq","LD"
"A12F","Avans 12 ayliq deposit XV","LD"
"A12L","Avans 12 ayliq deposit MV","LD"
"CHDP","Cash deposit","RT"
"ALLF","Avtokredit UMK-XV","CL"
"ALLL","Avtokredit UMK-AZN","CL"
"ALSF","Avtokredit QMK-XV","CL"
"ALSL","Avtokredit QMK-AZN","CL"
"AMEX","AMEX CARDS DR INT ON DLY BAL MV","IC"
"BAOS","Özəl müəssisələrə B/A-XV","CL"
"BCCB","BUYING CASH FROM CENTRAL BANK","RT"
"BCIF","BANKS CR INT DLY BAL-XV","IC"
"BCIL","BANKS CR INT DLY BAL-MV","IC"
"BDIF","BANKS DR INT ON DLY BAL - XV","IC"
"BDIL","BANKS DR INT ON DLY BAL - MV","IC"
"BOIL","AMB OVERDRAFT CR INT DLY BAL-MV","IC"
"CD10","10 illik deposit sertifikati","LD"
"CDFG","10 illik gənclik sertifikati XV","LD"
"CDLG","10 illik gənclik sertifikati MV","LD"
"CHD1","Nagd vesaitin medaxil edilmesi-AZN","RT"
"CHPL","CHEQUE PURCHASE LIQUIDATION","RT"
"CHPR","CHEQUE PURCHASE REGISTERATION","RT"
"CHQS","Cheque Sale Walk-in","RT"
"CHW1","Nagd vesaitin mexaric edilmesi-AZN","RT"
"CLFD","Özəl müəssisələr dep. U/M XV","LD"
"CLLD","Özəl müəssisələr dep. U/M MV","LD"
"CNLF","İstehlak UMK-XV","CL"
"CNLL","İstehlak UMK-AZN","CL"
"CNSF","İstehlak QMK-XV","CL"
"CNSL","İstehlak QMK-AZN","CL"
"CODF","deposit sertifikati XV","LD"
"CODL","deposit sertifikati MV","LD"
"CRLN","CREDIT LINE (LC)","LD"
"CSFD","Özəl müəssisələr dep. Q/M XV","LD"
"CSLD","Özəl müəssisələr dep Q/M MV","LD"
"CWL1","CASH WITHDRAWAL (Commission)-AZN","RT"
"CWL2","CASH WITHDRAWAL (Comm)-O.Bank Cards","RT"
"CWLC","CASH WITHDRAWAL (Commission)","RT"
"DEC1","Ushaq yigim XV","LD"
"DEPC","Ushaq yigim MV","LD"
"ECSB","EXPORT COLLECTION SIGHT BILLS","BC"
"ECUB","EXPORT COLLECTION USANCE  BILLS","BC"
"84L1","84 ayliq deposit MV % ayliq","LD"
"EDIF","EXPRESS KREDIT DR INTEREST XV","IC"
"EDIL","EXPRESS KREDIT DR INTEREST MV","IC"
"EDLF","Elektron deposit U/M XV","LD"
"EDLL","Elektron deposit U/M MV","LD"
"EDSF","Elektron deposit Q/M XV","LD"
"EDSL","Elektron deposit Q/M MV","LD"
"ELC1","EXPORT LC - LCY","LC"
"ELC2","EXPORT LC - FCY","LC"
"ELG1","EXPORT GUARANTEE - LCY","LC"
"ELG2","EXPORT GUARANTEE - FCY","LC"
"ELSB","EXPORT LC SIGHT BILLS - FCY","BC"
"ELSL","EXPORT LC SIGHT BILLS - LCY","BC"
"ELUB","EXPORT LC USANCE  BILLS - FCY","BC"
"ELUL","EXPORT LC USANCE  BILLS - LCY","BC"
"F12M","Yigim 12 ayliq deposit XV % ayliq","LD"
"F12Y","Yigim 12 aylig depozit XV % illik","LD"
"F18M","Yigim 18 ayliq deposit XV % ayliq","LD"
"F18Y","Yigim 18 ayliq deposit XV % illik","LD"
"F18Z","Yigim 18 ayliq dep XV % mud.sonu","LD"
"F24M","Yigim 24 ayliq deposit XV % ayliq","LD"
"F24Y","Yigim 24 ayliq deposit XV % illik","LD"
"F24Z","Yigim 24 ayliq dep XV % mud.sonu","LD"
"F36M","Yigim 36 ayliq deposit XV % ayliq","LD"
"F36Y","Yigim 36 ayliq deposit XV % illik","LD"
"F36Z","Yigim 36 ayliq dep XV % mud.sonu","LD"
"F48M","Yigim 48 ayliq deposit XV % ayliq","LD"
"F48Y","Yigim 48 ayliq deposit XV % illik","LD"
"F48Z","Yigim 48 ayliq dep XV % mud.sonu","LD"
"F60M","Yigim 60 ayliq deposit XV % ayliq","LD"
"F60Y","Yigim 60 ayliq deposit XV % illik","LD"
"F60Z","Yigim 60 ayliq dep XV % mud.sonu","LD"
"FACF","Faktorinq - XV","CL"
"FACL","Faktorinq - AZN","CL"
"FCIF","FOREIGN REPS CR INT DLY BAL-XV","IC"
"FCIL","FOREIGN REPS CR INT DLY BAL-MV","IC"
"FLFD","BANKLAR U/M XV DEPOZITI","LD"
"FLLD","BANKLAR U/M MV DEPOZITI","LD"
"FP01","FIXED PAYMENTS - LCY COMMISSION","SI"
"FP02","FIXED PAYMENTS - FCY COMMISSION","SI"
"FPFC","FIXED PAYMENTS - FCY COMMISSION","**"
"FPLC","FIXED PAYMENTS - LCY COMMISSION","**"
"FSFD","BANKLAR Q/M XV DEPOZITI","LD"
"FSLD","BANKLAR Q/M MV DEPOZITI","LD"
"FTSW","FUNDS TRANSFER - FCY -  SWIFT","RT"
"FXBO","FOREX BANKNOTE OPERATIONS","FX"
"FXFW","FOREX SWAP DEALS","FX"
"FXLP","FOREX LOCAL SPOT DEALS","FX"
"MPRF","MM PLACEMENT LONG TERM-FCY IBA AS AGENT","MM"
"84L2","84 ayliq deposit MV % illik","LD"
"FXPR","Nagd valyuta alishi","RT"
"FXSL","FOREIGN CURRENCY SALE - WALKIN","RT"
"FXSP","FOREX SPOT DEALS","FX"
"GCIL","GOVT CR INT ON DAILY BALANCE-MV","IC"
"GDIF","GOVMT DR INT ON DLY BAL - XV","IC"
"GDIL","GOVT DR INT ON DLY BAL - MV","IC"
"GLFD","Hökumət U/M XV DEPOZITI","LD"
"GLLD","Hökumət U/M MV DEPOZITI","LD"
"GSFD","Hökumət  dep Q/M XV","LD"
"GSLD","Hökumət dep Q/M MV","LD"
"GVLF","Hökumət idarələrinə UMK - XV","CL"
"GVLL","Hökumət idarələrinə UMK-AZN","CL"
"GVSF","Hökumət idarələrinə QMK - XV","CL"
"GVSL","Hökumət idarələrinə QMK-AZN","CL"
"IBDF","INC BANK TRF FCY (MT205)","FT"
"IBDL","INC BANK TRF LCY MT205","FT"
"IBGT","INC BANK TRF (MT200)","FT"
"IBKM","GONDERILEN ABB-MOSKVAYA KOCURMELER","FT"
"IBKP","GONDERILEN ABB-PETERBURG KOCURMELER","FT"
"IBTF","Gonderilme ABB-xarici fillial.(sdv)","FT"
"IBTL","Gonderilme ABB-xarici fillial.(mv)","FT"
"IBTS","INC BANK TRF FCY MT202","FT"
"ICAZ","INC CUST PMT LCY - AZIPS","FT"
"ICSB","IMPORT COLLECTION SIGHT BILLS","BC"
"ICT1","INC CUST TRF FCY (W ACC)","FT"
"ICT2","INC CUST TRF FCY (WO ACC)","FT"
"ICT3","INC CUST PMT LCY (WO AC) - AZIPS","FT"
"ICUB","IMPORT COLLECTION USANCE BILLS","BC"
"IDCF","INS DEP CR INT DLY BAL-XV","IC"
"IDCL","INS DEP CR INT DLY BAL-MV","IC"
"ILC1","IMPORT LC - LCY","LC"
"ILC2","IMPORT LC - FCY","LC"
"ILG1","IMPORT GUARANTEE  - LCY","LC"
"ILG2","IMPORT GUARANTEE  - FCY","LC"
"ILS1","IMPORT STANDBY LC - FCY","LC"
"ILSB","IMPORT LC SIGHT BILLS - FCY","BC"
"ILSL","IMPORT LC SIGHT BILLS - LCY","BC"
"ILUB","IMPORT LC USANCE BILLS - FCY","BC"
"ILUL","IMPORT LC USANCE BILLS - LCY","BC"
"INBT","internal internet banking(fcy)","FT"
"INFF","INFINITY CARDS DR INT ON DLY BAL XV","IC"
"INFI","INFINITY CARDS DR INT ON DLY BAL MV","IC"
"INLF","Digər fiziki şəxslərə UMK-XV","CL"
"INLL","Digər fiziki şəxslərə UMK-AZN","CL"
"INSF","Digər fiziki şəxslərə QMK-XV","CL"
"INSL","Digər fiziki şəxslərə QMK-AZN","CL"
"INTB","BANKDAXILI KOCUR. INTERNET BANKING","FT"
"INTF","BANKDAXILI KOCURMELER (SDV)","FT"
"INTL","BANKDAXILI KOCURMELER (MV)","FT"
"IPEX","INC 900  PAYMENTS - XONKS -EXTERNAL","PC"
"IPOT","Ipoteka","CL"
"ITPA","INC TREASURY PMT LCY - AZIPS","FT"
"L12M","Yigim 12 ayliq deposit MV % ayliq","LD"
"L12Y","Yigim 12 ayliq deposit MV % illik","LD"
"L18M","Yigim 18 ayliq deposit MV % ayliq","LD"
"L18Y","Yigim 18 ayliq deposit MV % illik","LD"
"L18Z","Yigim 18 ayliq dep MV % mud.sonu","LD"
"L24M","Yigim 24 ayliq deposit MV % ayliq","LD"
"L24Y","Yigim 24 ayliq deposit MV % illik","LD"
"L24Z","Yigim 24 ayliq dep MV % mud.sonu","LD"
"L36M","Yigim 36 ayliq deposit MV % ayliq","LD"
"L36Y","Yigim 36 ayliq deposit MV % illik","LD"
"L36Z","Yigim 36 ayliq dep MV % mud.sonu","LD"
"L48M","Yigim 48 ayliq deposit MV % ayliq","LD"
"L48Y","Yigim 48 ayliq deposit MV % illik","LD"
"L48Z","Yigim 48 ayliq dep MV % mud.sonu","LD"
"L60M","Yigim 60 ayliq deposit MV % ayliq","LD"
"L60Y","Yigim 60 ayliq deposit MV % illik","LD"
"L60Z","Yigim 60 ayliq dep MV % mud.sonu","LD"
"LCCF","LC CREDIT LINE FCY","CL"
"LCCL","LC CREDIT LINE LCY","CL"
"LCLF","Akkreditivlər üzrə UMK-XV","CL"
"LCLL","Akkreditivlər üzrə UMK-AZN","CL"
"LCSF","Akkreditivlər üzrə QMK-XV","CL"
"LCSL","Akkreditivlər üzrə QMK-AZN","CL"
"LGCF","LG CREDIT LINE FCY","CL"
"LGCL","LG CREDIT LINE LCY","CL"
"LGLF","Qarantiyalar üzrə UMK-XV","CL"
"LGLL","Qarantiyalar üzrə UMK-AZN","CL"
"LGSF","Qarantiyalar üzrə QMK-XV","CL"
"LGSL","Qarantiyalar üzrə QMK-AZN","CL"
"LILF","İşçilərə/səhmdarlara UMK-XV","CL"
"LILL","İşçilərə/səhmdarlara UMK-AZN","CL"
"LISF","İşçilərə/səhmdarlara QMK-XV","CL"
"LISL","İşçilərə/səhmdarlara QMK-AZN","CL"
"LNSF","Lombard QMK-XV","CL"
"LNSL","Lombard QMK-AZN","CL"
"LSLF","Lizinq UMK-XV","CL"
"LSLL","Lizinq UMK-AZN","CL"
"LSSF","Lizinq QMK-XV","CL"
"LSSL","Lizinq QMK-AZN","CL"
"M03F","Multivalyuta 3 ayliq  XV % ayliq","LD"
"M03L","Multivalyuta 3 ayliq MV % ayliq","LD"
"M06F","Multivalyuta 6 ayliq XV % ayliq","LD"
"MBFS","FUDICIARY DEPOSIT","MM"
"LNLL","Lombard UMK-AZN","CL"
"0XF2","120 ayliq deposit XV % illik","LD"
"M06L","Multivalyuta 6 ayliq MV % ayliq","LD"
"M09F","Multivalyuta 9 ayliq XV % ayliq","LD"
"M09L","Multivalyuta 9 ayliq MV % ayliq","LD"
"M12F","Multivalyuta 12 ayliq XV % ayliq","LD"
"M12L","Multivalyuta 12 ayliq MV % ayliq","LD"
"M18F","Multivalyuta 18 ayliq XV % ayliq","LD"
"M18L","Multivalyuta 18 ayliq MV % ayliq","LD"
"M24F","Multivalyuta 24 ayliq XV % ayliq","LD"
"M24L","Multivalyuta 24 ayliq MV % ayliq","LD"
"M36F","Multivalyuta 36 ayliq XV % ayliq","LD"
"M36L","Multivalyuta 36 ayliq MV % ayliq","LD"
"M48F","Multivalyuta 48 ayliq XV % ayliq","LD"
"M48L","Multivalyuta 48 ayliq MV % ayliq","LD"
"M60F","Multivalyuta 60 ayliq XV % ayliq","LD"
"M60L","Multivalyuta 60 ayliq MV % ayliq","LD"
"MACL","MM ATTRACTED CREDITS/LINES-FCY","MM"
"MBCL","MM BORROWING FROM CENTR  LONG- LCY","MM"
"MBCS","MM BORROWING FROM CENTR  SHOR- LCY","MM"
"MBLF","MM BORROWINGS LONG TERM - FCY","MM"
"MBLL","MM BORROWINGS LONG TERM - LCY","MM"
"MBLS","MM BORROW LONG-FCY-SUBSIDIARY","MM"
"MBMS","MM BORROWING FROM MINIST. SHOR- FCY","MM"
"MBNB","MM BORROWING NON BANK CR ORG LONG","MM"
"MBNL","MM BORROWING NON BANK CR ORG LONG TERM - FCY","MM"
"MBSD","MM SUBORDINATED DEBT - FCY","MM"
"MBSF","MM BORROWINGS SHORT TERM - FCY","MM"
"MBSL","MM BORROWINGS SHORT TERM - LCY","MM"
"MBSS","MM BORROW SHORT-FCY - SUBSIDIARY","MM"
"MCLF","MM SYNDICATED LOAN LONG TERM - FCY","MM"
"MCSF","MM SYNDICATED LOAN SHORT TERM - FCY","MM"
"MDDB","BANK CARDS DR INT ON DLY BAL MV","IC"
"MGC1","MISCELLANEOUS GL CREDIT-AZN","RT"
"MGD1","MISCELLANEOUS GL DEBIT-AZN","RT"
"MGLC","MISCELLANEOUS GL CREDIT","RT"
"MGLD","MISCELLANEOUS GL DEBIT","RT"
"MNSF","Mikrokredit QMK-XV","CL"
"MNSL","Mikrokredit QMK-AZN","CL"
"MPL1","MM PLACEMENT LONG TERM - LCY","MM"
"MPL2","MM PLACEMENT LONG TERM - FCY","MM"
"MPLF","MM PLACEMENT LONG TERM - FCY","MM"
"MPLL","MM PLACEMENT LONG TERM - LCY","MM"
"MPLS","MM PLACE LONG-FCY -SUBSIDIARY","MM"
"MPS1","MM PLACEMENT SHORT TERM - LCY","MM"
"MPS2","MM PLACEMENT SHORT TERM-FCY-NO TAX","MM"
"MPSF","MM PLACEMENT SHORT TERM - FCY (TAX)","MM"
"MPSL","MM PLACEMENT SHORT TERM - LCY","MM"
"84F3","84 ayliq deposit XV % mud.sonu","LD"
"MPSS","MM PLACE SHORT FCY-SUBSIDIARY","MM"
"MRLF","İpoteka UMK-XV","CL"
"MRLL"," İpoteka UMK-AZN","CL"
"MRSF","İpoteka QMK-XV","CL"
"MRSL","İpoteka QMK-AZN","CL"
"NCIF","NON BANKS CR INT DLY BAL-XV","IC"
"NCIL","NON BANKS CR INT DLY BAL-MV","IC"
"NDIF","NON-BANKS DR INT ON DLY BAL - XV","IC"
"NDIL","NON-BANKS DR INT ON DLY BAL - MV","IC"
"NOST","Main Banks","RE"
"OBDT","GONDERILEN KOCURMELERI MT202 TREAS","FT"
"OBGT","GONDERILEN BANK KOCURMELERI(SDV)","FT"
"OBOT","NOSTRO TRANSFER","FT"
"OCAB","AZIPS - INTERNET BANKING","FT"
"OCAZ","GONDERILEN KOCURMELER (AZIPS)","FT"
"OCIF","SOLE TRADERS CR INT DLY BAL-XV","IC"
"OCIL","SOLE TRADERS CR INT DLY BAL-MV","IC"
"OCM2","GONDERILEN COXSAYLI KOCURMELER (MV)","FT"
"OCT3","GONDERILEN ORTUKLU KOCURMELER (SDV)","FT"
"OCT4","GONDERILEN KOCURMELER (SDV)","FT"
"OCTB","GONDERILEN KOCURMELER (SDV. BEN)","FT"
"ODIF","SOLE TRADERS DR FCY INT ON DLY BAL","IC"
"ODIL","SOLE TRADERS DR LCY INT ON DLY BAL","IC"
"OFLF","Digər maliyyə institut-na UMK-XV","CL"
"OFLL","Digər maliyyə institut-na UMK-AZN","CL"
"OFSF","Digər maliyyə institut-na QMK-XV","CL"
"OFSL","Digər maliyyə institut-na QMK-AZN","CL"
"OPEB","KOCURMELER (XOHKS)-INTETNET BANKING","PC"
"OPEX","GONDERILERN KOCURMELER (XOHKS)","PC"
"OPXU","GONDERILERN KOCURME(XOHKS)UNLIMITED","PC"
"PASC","INC TRF W/O OPENING ACCOUNT","FT"
"PASS","INC TRF W/O OPENING ACCOUNT","FT"
"PCDB","GOVT CR INT ON DAILY BALANCE-XV","IC"
"PCIF","PVT SECTOR CR INT DLY BAL-XV","IC"
"PCIL","PVT SECTOR CR INT DLY BAL-MV","IC"
"PDDB","BANK CARDS DR INT ON DLY BAL FCY","IC"
"PDIF","PVT SECTOR DR INT ON DLY BAL - XV","IC"
"PDIL","PVT SECTOR DR INT ON DLY BAL - MV","IC"
"POSD","POS DEP CR INT DLY BAL-MV","IC"
"PR15","15 ayliq proqressiv deposit","LD"
"PR25","25 ayliq proqressiv deposit","LD"
"PR35","35 ayliq proqressiv deposit","LD"
"PR45","45 ayliq proqressiv deposit","LD"
"PVLF","Özəl müəssisələrə UMK-XV","CL"
"PVLL","Özəl müəssisələrə UMK-AZN","CL"
"PVSF","Özəl müəssisələrə QMK-XV","CL"
"PVSL","Özəl müəssisələrə QMK-AZN","CL"
"MNLF","Mikrokredit UMK-XV","CL"
"RFLF","Banklara UMK-XV","CL"
"RFLL","Banklara UMK-AZN","CL"
"RFSF","Banklara QMK-XV","CL"
"RFSL","Banklara QMK-AZN","CL"
"RLFD","Xarici Nümayəndəlik dep U/M XV","LD"
"RLLD","Xarici Nümayəndəlik dep U/M MV","LD"
"RSFD","Xarici Nümayəndəlik dep Q/M XV","LD"
"RSLD","Xarici Nümayəndəlik dep Q/M MV","LD"
"S18F","Multivalyuta 18 ayliq XV % mud.sonu","LD"
"S18L","Multivalyuta 18 ayliq MV % mud.sonu","LD"
"S24F","Multivalyuta 24 ayliq XV % mud.sonu","LD"
"S24L","Multivalyuta 24 ayliq MV % mud.sonu","LD"
"S36F","Multivalyuta 36 ayliq XV % mud.sonu","LD"
"S36L","Multivalyuta 36 ayliq MV % mud.sonu","LD"
"S48F","Multivalyuta 48 ayliq XV % mud.sonu","LD"
"S48L","Multivalyuta 48 ayliq MV % mud.sonu","LD"
"S60F","Multivalyuta 60 ayliq XV % mud.sonu","LD"
"S60L","Multivalyuta 60 ayliq MV % mud.sonu","LD"
"SBNL","SECURITIES-CENTRAL BANK NOTES-LCY","MM"
"SCBF","SECURITIES-CORPORATE BONDS-FCY","MM"
"SCBL","SEC-CORP. NONRES.FINAN. BONDS-LCY","MM"
"SCCB","SELL CASH FROM CENTRAL BANK","RT"
"SCIF","STATE CR INT DLY BAL-XV","IC"
"SCIL","STATE CR INT DLY BAL-MV","IC"
"SCIP","SECURITIES- INVESTMENT PRODUCTS FCY","MM"
"SCPF","SECURITIES-COMM.PAPERS-REZ-FCY","MM"
"SCPL","SECURITIES-COMMERCIAL PAPERS-LCY","MM"
"SCPN","SECURITIES-COMM.PAPERS-NONREZ-FCY","MM"
"SCRO","SECURITIES REPO SHORT - LCY","MM"
"SCRR","SECURITIES REVERSE REPO - LCY","MM"
"SDIF","STATE SEC DR INT ON DLY BAL - XV","IC"
"SDIL","STATE DR INT ON DLY BAL - MV","IC"
"SI01","SWEEP IN - LCY COMMISSION","SI"
"SI02","SWEEP IN - LCY COMMISSION (0.8)","SI"
"SI03","SWEEP IN - FCY COMMISSION","SI"
"SICL","SPEC INT GOVT SECT CR INT DLY MV","IC"
"SLFD","Dövlət müəssisələr dep U/M XV","LD"
"SLLD","Dövlət müəssisələr dep U/M MV","LD"
"SO01","SWEEP OUT - LCY COMMISSION","SI"
"SO02","SWEEP OUT - LCY  COMMISSION (0.8)","SI"
"SO03","SWEEP OUT - FCY COMMISSION","SI"
"SSBF","SECURITIES-STATE BONDS-FCY","MM"
"SSBL","SECURITIES-STATE BONDS-LCY","MM"
"SSFD","Dövlət müəssisələr dep Q/M XV","LD"
"SSLD","Dövlət müəssisələr dep Q/M MV","LD"
"MNLL","Mikrokredit UMK-AZN","CL"
"STBL","SECURITIES-STATE TREASURY BONDS-LCY","MM"
"STLF","Dövlət müəssisələrinə UMK-XV","CL"
"STLL","Dövlət müəssisələrə UMK-AZN","CL"
"STSF","Dövlət müəssisələrinə QMK-XV","CL"
"STSL","Dövlət müəssisələrə QMK-AZN","CL"
"SWI1","SWEEP IN - LCY COMMISSION","**"
"SWI2","SWEEP IN - FCY COMMISSION","**"
"SWI3","SWEEP IN - FCY COMMISSION","**"
"SWO1","SWEEP OUT - LCY COMMISSION","**"
"SWO2","SWEEP OUT - FCY COMMISSION","**"
"SWO3","SWEEP OUT - FCY COMMISSION","**"
"TCPA","Yol çek.alishi(hesabi olan müsh)","RT"
"TCPW","Yol çek.alishi (hesabi olm. müsh)","RT"
"TCSA","Yol çek.satishi(hesabi olan müsh)","RT"
"TCSW","Yol çek.satishi(hesabi olm. müsh)","RT"
"TRLF","Sahibkarlara UMK-XV","CL"
"TRLL","Sahibkarlara UMK-AZN","CL"
"TRSF","Sahibkarlara QMK-XV","CL"
"TRSL","Sahibkarlara QMK-AZN","CL"
"U08F","Ushaq depozit 8 illik XV","LD"
"U08L","Ushaq depozit 8 illik MV","LD"
"U18F","Ushaq depozit 18 illik XV","LD"
"U18L","Ushaq depozit 18 illik MV","LD"
"USHF","Ushaq depozit 8-18 illik XV","LD"
"USHL","Ushaq depozit 8-18 illik MV","LD"
"VKCF","Vaxti Kecmis Carime Faiz","CL"
"Y12F","Multivalyuta 12 ayliq XV % illik","LD"
"Y12L","Multivalyuta 12 ayliq MV % illik","LD"
"Y18F","Multivalyuta 18 ayliq XV % illik","LD"
"Y18L","Multivalyuta 18 ayliq MV % illik","LD"
"Y24F","Multivalyuta 24 ayliq XV % illik","LD"
"Y24L","Multivalyuta 24 ayliq MV % illik","LD"
"Y36F","Multivalyuta 36 ayliq XV % illik","LD"
"Y36L","Multivalyuta 36 ayliq MV % illik","LD"
"Y48F","Multivalyuta 48 ayliq XV % illik","LD"
"Y48L","Multivalyuta 48 ayliq MV % illik","LD"
"Y60F","Multivalyuta 60 ayliq XV % illik","LD"
"Y60L","Multivalyuta 60 ayliq MV % illik","LD"
"JRNE","JURNAL MUXABIRLESMELERI-EYNI VALUTA","FT"
"CC01","NON-CASH BUY - INCOME IN LCY","FT"
"CC02","NON-CASH BUY - INCOME IN FCY","FT"
"CC03","NON-CASH SALE - INCOME IN LCY","FT"
"CC04","NON-CASH SALE - INCOME IN FCY","FT"
"CC11","CASH CONVERSION (FCY BUY)","FT"
"CC12","CASH CONVERSION (FCY SALE)","FT"
"CC13","CASH CONVERSION (FCY - FCY)","FT"
"CC14","EXCHANGE TRANSACTIONS (FCY - FCY)","FT"
"CBNB","Contingent Borrowing Non Bank","MM"
"M84F","Multivalyuta 84 ayliq XV % ayliq","LD"
"LNLF","Lombard UMK-XV","CL"
"MBRF","MM BORROWI.LONG TERM-FCY IBA AS AGENT","MM"
"BUDJ","GONDERILEN BUDJET KOCUR(XOHKS)","PC"
"SICF","SPEC INT GOVT SECT CR INT DLY XV","IC"
"SIPL","SPEC INT PVT SECT CR INT DLY MV","IC"
"SIPF","SPEC INT PVT SECT CR INT DLY XV","IC"
"GOLD","GOLD SPOT DEALS","FX"
"I03M","Inter Depozit 3 ayliq % ayliq","LD"
"I06M","Inter Depozit 6 ayliq % ayliq","LD"
"I09M","Inter Depozit 9 ayliq % ayliq","LD"
"I18M","Inter Depozit 18 ayliq % ayliq","LD"
"I36M","Inter Depozit 36 ayliq % ayliq","LD"
"I48M","Inter Depozit 48 ayliq % ayliq","LD"
"I12Y","Inter Depozit 12 ayliq % illik","LD"
"I36Y","Inter Depozit 36 ayliq % illik","LD"
"I48Y","Inter Depozit 48 ayliq % illik","LD"
"I60Y","Inter Depozit 60 ayliq % illik","LD"
"GD03","3 ayliq deposit Qizil","LD"
"GD06","6 ayliq deposit Qizil","LD"
"MPON","MM PLACEMENT OVERNIGHT W/O TAX","MM"
"SILC","SI PAYMENTS for LCY","SI"
"SIFC","SI PAYMENTS for FCY","SI"
"CBSD","CENTRAL BANK'S SPECIAL SUBORDINATED DEBT - LCY","MM"
"IDPS","Inter Depozit QM ABB Premyer","LD"
"IDPL","Inter Depozit UM ABB Premyer","LD"
"OI03","3 ayliq deposit Qara Qizil","LD"
"OI09","9 ayliq deposit Qara Qizil","LD"
"OI12","12 ayliq deposit Qara Qizil","LD"
"ICDF","INT DEPOSIT CARD CR INT DLY BAL-XV","IC"
"ICDL","INT DEPOSIT CARD CR INT DLY BAL-MV","IC"
"IILL","IB Lizinq UMK-AZN","CL"
"IISL","IB Lizinq QMK-AZN","CL"
"IILF","IB Lizinq UMK-XV","CL"
"Y84L","Multivalyuta 84 ayliq MV % illik","LD"
"S84F","Multivalyuta 84 ayliq XV % mud.sonu","LD"
"S0XF","Multivalyuta 120 ayliq XV % mud.sonu","LD"
"R2L3","TEKRAR MUSHTERI 2 UMK-AZN","CL"
"R1L3","TEKRAR MUSHTERI 1 UMK-AZN","CL"
"R1L5","TEKRAR MUSHTERI 1 UMK-AZN","CL"
"MPOB","MM PLACEMENT BOND-SHORT TERM","MM"
"PLL5","PENSIYA  AZN","CL"
"LBSF","LOMBARD. QMK-XV","CL"
"LBLL","LOMBARD UMK-AZN","CL"
"LBLF","LOMBARD UMK-XV","CL"
"AVSF","AVTOKREDIT. QMK-USD","CL"
"AVLF","AVTOKREDIT.  UMK-USD","CL"
"FLSL","SERBEST. QMK-AZN","CL"
"FLSF","SERBEST. QMK-USD","CL"
"IPS1","SIGORTALANMIS PENSIYA QMK-AZN","CL"
"IMSF","Daxili Ipoteka QMK-XV","CL"
"1CRS","KORP. PARAKENDE. QMK-XV","CL"
"2CRL","KORP. PARAKENDE UMK-XV","CL"
"3CRL","KORP. PARAKENDE UMK-XV","CL"
"4CRL","KORP. PARAKENDE UMK-XV","CL"
"DCSL","Depozitle temin olunmush QMK-AZN","CL"
"IPTK","IPOTEKA FONDUNDAN ALINMIS VASAIT UM","LD"
"I24M","Inter Depozit 24 ayliq % ayliq","LD"
"GD09","9 ayliq deposit Qizil","LD"
"GD12","12 ayliq deposit Qizil","LD"
"84F2","84 ayliq deposit XV % illik","LD"
"S84L","Multivalyuta 84 ayliq MV % mud.sonu","LD"
"SOL1","Sweep Out - LCY","SI"
"PLS1","ILK_Paralel_Pensiya zaminli QMK-AZN","CL"
"FEES","Arrangement fees ","MM"
"CKLL","DƏDRX Çıxarış ilə KP UMK-AZN","CL"
"CDLL","DƏDRX Çıxarış ilə DM UMK-AZN","CL"
"YKLL","DƏDRX Çıxarış ilə YT KP UMK-AZN","CL"
"YDLL","DƏDRX Çıxarış ilə YT DM UMK-AZN","CL"
"TDLL","DƏDRX Çıxarış ilə TS DM UMK-AZN","CL"
"AMEF","AMEX CARDS DR INT ON DLY BAL FCY","IC"
"I18Y","Inter Depozit 18 ayliq % illik","LD"
"I24Y","Inter Depozit 24 ayliq % illik","LD"
"OI06","6 ayliq deposit Qara Qizil","LD"
"PMBS","PRECIOUS METALS BORROWINGS SHORT TERM","MM"
"IISF","IB Lizinq QMK-XV","CL"
"FCIK","FOREIGN REPS CR INT DLY BAL-XV QAZAXISTAN","IC"
"R2S1","TEKRAR MUSHTERI 2 QMK-AZN","CL"
"REL5","DASINMAZ_EMLAK.  UMK-AZN","CL"
"5CRL","KORP. PARAKENDE UMK-XV","CL"
"TKLL","DƏDRX Çıxarış ilə TS KP UMK-AZN","CL"
"MBFL","FUDICIARY DEPOSIT","MM"
"I12M","Inter Depozit 12 ayliq % ayliq","LD"
"I60M","Inter Depozit 60 ayliq % ayliq","LD"
"SDLS","serbest depozit qisamuddetli milli valyuta","LD"
"0XL1","120 ayliq deposit MV % ayliq","LD"
"MBIS","ISLAMIC SYNDICATED LOAN","MM"
"0XL3","120 ayliq deposit MV % mud.sonu","LD"
"S0XL","Multivalyuta 120 ayliq MV % mud.sonu","LD"
"CRL5","KORP. PARAKENDE UMK-AZN","CL"
"RFS1","ILK_Paralel_Al-tiv Yeniden_M z-siz ","CL"
"BOND","ISSUED BONDS LONG TERM FCY","MM"
"FLLL","SERBEST. UMK-AZN","CL"
"SDFS","serbest depozit qisamuddetli xarici valyuta","LD"
"0XL2","120 ayliq deposit MV % illik","LD"
"SWEL","SWEEP IN TRANSACTIONS LCY","SI"
"CRL3","ILK_Paralel_KP zaminli UMK-AZN","CL"
"R2L5","TEKRAR MUSHTERI 2 UMK-AZN","CL"
"RFL3","YENIDEN MALIYYELESHDIRME UMK-AZN","CL"
"R1S1","TEKRAR MUSHTERI 1 QMK-AZN","CL"
"AVLL","AVTOKREDIT.  UMK-AZN","CL"
"ECPF","European Commercial Papers - FCY","MM"
"0XF1","120 ayliq deposit XV % ayliq","LD"
"Y84F","Multivalyuta 84 ayliq XV % illik","LD"
"M0XL","Multivalyuta 120 ayliq MV % ayliq","LD"
"CRS1","ILK_Paralel_KP zaminli QMK-AZN","CL"
"NCL3","YENI MUSTERI UMK-AZN","CL"
"NCS1","YENI MUSHTERI  QMK-AZN","CL"
"MBNS","MM BORROWING NON BANK CR ORG SHORT TERM - FCY","MM"
"FLLF","SERBEST. UMK-USD","CL"
"RES1","DASINMAZ_EMLAK. QMK-AZN","CL"
"DCLF","Depozitle temin olunmush UMK-XV","CL"
"M0XF","Multivalyuta 120 ayliq XV % ayliq","LD"
"MBIC","Commodity Murabaha Facility Agreement ","MM"
"MB65","MM BORROWINGS SHORT TERM - FCY 365","MM"
"MAFL","ATTRACTED CREDIT LINES WITH FLOATING RATE - FCY  ","MM"
"PLL3","ILK_Paralel_Pensiya zaminli UMK-AZN","CL"
"Y0XF","Multivalyuta 120 ayliq XV % illik","LD"
"Y0XL","Multivalyuta 120 ayliq MV % illik","LD"
"BCQF","BANKS CR INT DLY BAL QUARTELY-XV","IC"
"PLL2","Pensiya UMK-AZN","CL"
"RFL5","ILK_Paralel_Al-tiv Yeniden_M z-siz","CL"
"IMSL","Daxili Ipoteka QMK-AZN","CL"
"IMLL","Daxili Ipoteka UMK-AZN","CL"
"IPL3","SIGORTALANMIS PENSIYA UMK-AZN","CL"
"0XF3","120 ayliq deposit XV % mud.sonu","LD"
"M84L","Multivalyuta 84 ayliq MV % ayliq","LD"
"IMLF","Daxili Ipoteka UMK-XV","CL"
"84L3","84 ayliq deposit MV % mud.sonu","LD"
"LBSL","LOMBARD. QMK-AZN","CL"
"AVSL","AVTOKREDIT. QMK-AZN","CL"
"REL3","DASINMAZ_EMLAK UMK-AZN","CL"
"DCLL","Depozitle temin olunmush UMK-AZN","CL"
"DCSF","Depozitle temin olunmush QMK-XV","CL"
"ZKLL","TŞ zaminliyi ilə YT KP UMK-AZN","CL"
"ZDLL","TŞ zaminliyi ilə YT DM UMK-AZN","CL"
"CHWL","Cash withdrawal","RT"
"FTRQ","Fund Transfer (A/C to A/C)","RT"
"MCGT","MISCELLANEOUS GL TRANSFER","RT"
"MSCC","Misc. Customer credit","RT"
"MSCD","Misc. Customer debit","RT"
"COM1","commitment non-revolving","CL"
"COM2","commitment revolving","CL"
"AFEE","Arrangement fees","MM"
"ILFG","IMPORT LETTER OF GUARANTEE FOREIGN","LC"
"ILGL","IMPORT LETTER OF GUARANTEE LOCAL","LC"
"HLLL","HUQ.SEXS.SERBEST. UMK-AZN","CL"
"RLSL","ISTEHLAK.RESTRUK.QMK-AZN","CL"
"KKLL","KREDIT.KOM. UMK-AZN","CL"
"RFSX","YENIDEN.MALIYY. QMK-AZN","CL"
"RASL","ISTEHLAK.RESTRUK.QMK-AZN","CL"
"EKLL","ELA.Kart.Kredit UMK-AZN","CL"
"PLLM","PENSIYA.TELEB UMK-AZN","CL"
"SLSL","SAHIBKAR.SERBEST.QMK-AZN","CL"
"KBSF","KREDIT.KOM.SERB. QMK-XV","CL"
"ICBL","Int product with Dt and Cr calc","IC"
"HDLL","HUQ.SEXS.DOV.SERBEST. UMK-AZN","CL"
"HDSF","HUQ.SEXS.DOV.SERBEST. QMK-USD","CL"
"EPSL","ELA.Kart.Pensiya QMK-AZN","CL"
"RFLT","YENIDEN.MALIY.TEM-Z. UMK-AZN","CL"
"LGGL","MXS LIM. DAX. GARANTIYA LCY","CL"
"LGGF","MXS LIM. DAX. GARANTIYA FCY","CL"
"PZS1","ILK_Paralel_Pensiya Al-tiv z-z QMK","CL"
"PZL3","ILK_Paralel_Pensiya Al-tiv z-z UMK","CL"
"BELL","BP_TEHSIL. UMK-AZN","CL"
"OMSF","Özəl Müəss. Annuitet QMK-XV","CL"
"DMSF","Dövlət Müəss. Annuitet QMK-XV","CL"
"DMLF","Dövlət Müəss. Annuitet UMK-XV","CL"
"ICT4","INC CUST PMT FCY – AZIPS","FT"
"OCAF","GONDERILEN KOCURMELER FCY (AZIPS)","FT"
"IPFO","Ipoteka IPFO","CL"
"CKS1","Korp. Parak. QMK-AZN","CL"
"EKL3","ELA.Kart.Kredit UMK-AZN","CL"
"CKZ3","KORP. PARAKENDE UMK-AZN","CL"
"PBZS","Kampaniya_Ilk_Paralel  Z-li","CL"
"CGS1","Kampaniya_Guzest QMK-AZN 1 ay","CL"
"CGL1","Kampaniya_Guzest UMK-AZN 1 ay","CL"
"CGL2","Kampaniya_Guzest QMK-AZN 2 ay","CL"
"ZGL2","Kampaniya_Guzest QMK-AZN 2 ay","CL"
"ICMV","Int product with Dt and Cr calc","IC"
"ALMF","Avtokredit Anunitet UMK-XV","CL"
"CNNL","İstehlak Annuitet QMK-AZN","CL"
"CNMF","İstehlak  Annuitet UMK-XV","CL"
"IIML","IB Lizinq Annuitet UMK-AZN","CL"
"INML","Digər fiziki şəxslərə Annui UMK-AZN","CL"
"LIMF","İşçilərə/səhmdarlara Annuit UMK-XV","CL"
"LINL","İşçilərə/səhmdarlara Annui QMK-AZN","CL"
"MNML","Mikrokredit Annuitet UMK-AZN","CL"
"MRML"," İpoteka Annuitet UMK-AZN","CL"
"TRML","Sahibkarlara Annuitet UMK-AZN","CL"
"TRNL","Sahibkarlara Annuitet QMK-AZN","CL"
"TKLM","DƏDRX Çıxarış ilə YT KP UMK-AZN","CL"
"IPOM","Ipoteka","CL"
"LIYM","Beynelxalq_Lizinq  UMK-AZN","CL"
"KKSF","KREDIT.KOM. QMK-USD","CL"
"KKLF","KREDIT.KOM.  UMK-USD","CL"
"BRLL","BP TEMIR UMK-AZN","CL"
"BCSL","BP_ISTEHLAK. QMK-AZN","CL"
"RZL3","ILK_Paralel_KP Al-tiv z-li  UMK-AZN","CL"
"RSBG","Tekrar-Yeni Mus. Zamin ABB QMK-AZN","CL"
"APLN","Baglanmaqla_Pensiya Al-tiv z-z UMK","CL"
"TKDS","Kampaniya_KP_Neftci_Mötəbər Z-siz","CL"
"CCL3","DASHINMAZ EMLAK","CL"
"CCL5","NAGD PULLA TEMIN OLUNMUSH","CL"
"KAEL","Kamp_Ilk_Paralel Y.Mal Al-tiv Z-siz","CL"
"ICWU","INCOMING WESTERN UNION TRANSFERS","FT"
"IKNS","Isci Krediti Nagd QMK-AZN","CL"
"NCBS","Guzestli_Sert-le_B category_Leader","CL"
"SLLL","SAHIBKAR.SERBEST. UMK-AZN","CL"
"BMLL","BP_IPOTEKA. UMK-AZN","CL"
"YML1","Yenidən Maliyy. 1 MTK-lar UMK-AZN","CL"
"MCL3","YENI MUSTERI UMK-AZN","CL"
"EKRL","ELA.Kart.Tekrar Mus. UMK-AZN","CL"
"RELT","ILK_Paralel_Al-tiv Yeniden_M z-li","CL"
"TKZS","Kampaniya_Baglanmaqla Zaminli","CL"
"RSNG","Tekrar-Yeni Musteri. QMK-AZN","CL"
"RSOG","Tekrar-Yeni Mus Zamin Diger QMK-AZN","CL"
"RLNG","Tekrar-Yeni Musteri UMK-AZN","CL"
"TBZS","Kampaniya_Pensiya_Ilk_Paralel Z-li","CL"
"ACNL","Baglanmaqla_KP Al-tiv z-siz UMK-AZN","CL"
"ACOL","Baglanmaqla_KP Al-tiv z-li UMK-AZN","CL"
"KANL","Kamp_Ilk_Paralel Al-tiv Z-siz","CL"
"KAPL","P_Kamp_Alternativ_Pensiya Z-siz UMK","CL"
"YKST","Kamp_Baglanmagla Y.Mal Al-tiv Z-li","CL"
"ABS1","VIP_Istehlak Zaminsiz","CL"
"CC06","NON-CASH BUY - DISCOUNT RATE","FT"
"ICTZ","LCY incoming customer payments to loro banks","FT"
"ECSL","ISCI.VE.SEHM.RESTRUK. QMK-AZN","CL"
"KBLF","KREDIT.KOM.SERB. UMK-XV","CL"
"CTS1","ILK_Paralel_KP zaminsiz QMK-AZN","CL"
"CTL2"," ILK_Paralel_KP zaminsiz  UMK-AZN","CL"
"CZS1","ILK_Paralel_KP Al-tiv  z-siz  QMK","CL"
"CZL3","ILK_Paralel_KP Al-tiv z-siz UMK","CL"
"BESL","BP_TEHSIL. QMK-AZN","CL"
"OILF","SOFAZ BORROWINGS SHORT TERM - FCY","MM"
"TBLL","Kampaniya_Pensiya_Ilk_Paralel Z-siz","CL"
"TBZL","Kampaniya_Pensiya_Ilk_Paralel Z-li","CL"
"APNS","Baglanmaqla_Pensiya Al-tiv z-z QMK","CL"
"AYNS","Baglanmaqla_Al-tiv Yeniden_M z-siz ","CL"
"AYBS","Baglanmaqla_Al-tiv Yeniden_M z-li","CL"
"KARS","Kampaniya_Baglanmaqla Al-tiv Z-siz","CL"
"KARL","Kampaniya_Baglanmaqla Al-tiv Z-siz","CL"
"MYRL","Baglanmaqla_Yeniden_M z-siz UMK","CL"
"MYKS","Kamp_Mötəbər_Yeni_Mal. Al-tiv Z-siz","CL"
"RMLL","GIROV.RESTRUK. UMK-AZN","CL"
"EKSL","ELA.Kart.Kredit QMK-AZN","CL"
"CBNF","Contingent Borrowing Non Bank","MM"
"OMLF","Özəl Müəss. Annuitet UMK-XV","CL"
"IPDP","IPOTEKA FONDUNDAN ALINMIS VASAIT QM","LD"
"PBLL","Kampaniya_Ilk_Paralel Z-siz","CL"
"PBZL","Kampaniya_Ilk_Paralel  Z-li","CL"
"RTL3","Baglanmaqla_KP zaminsiz  UMK-AZN","CL"
"EKNL","ELA.Kart.Yeni Mus. UMK-AZN","CL"
"TBLS","Kampaniya_Pensiya_Ilk_Paralel Z-siz","CL"
"TZDS","Kamp_Ilk_Paralel Yeniden_M Z-siz","CL"
"TYS1","Kampaniya_Pensiya_Baglanmaqla Z-siz","CL"
"RPOL","Alternativ Tekrar-Pensiya Zamin-Dig","CL"
"KFLL","KT DX-nin vəsaiti hesabına UMK-AZN","CL"
"KAPS","P_Kamp_Alternativ_Pensiya Z-siz QMK","CL"
"KATL","Kamp_Baglanmaqla Yeniden M. Z-li","CL"
"KAQS","P_Kamp_Alternativ_Pensiya Zamin QMK","CL"
"FPRL","Ferman Restr. 12ay Guzest UMK-AZN","CL"
"SFHL","SIF vesaiti hesabina UMK-AZN","CL"
"SAFS","BONDS-NON RESİD.FIN.AV.FOR.SALE-FCY","MM"
"SLSF","SAHIBKAR.SERBEST. QMK-USD","CL"
"HDLF","HUQ.SEXS.DOV.SERBEST. UMK-USD","CL"
"ZGS2","Kampaniya_Guzest QMK-AZN 2 ay","CL"
"ZGL1","Kampaniya_Guzest UMK-AZN 1 ay","CL"
"CGS2","Kampaniya_Guzest QMK-AZN 2 ay","CL"
"CGS3","Kampaniya_3 ay Guzest QMK-AZN","CL"
"CGL3","Kampaniya_3 ay Guzest QMK-AZN","CL"
"ZGS3","Kampaniya_3 ay Guzest Teminatli","CL"
"ZGL3","Kampaniya_3 ay Guzest Taminatli","CL"
"ICTL","FCY incoming customer payments to loro banks","FT"
"ICMC","Int product with Dt and Cr calc","IC"
"RPT3","Baglanmaqla_Pensiya z-siz   UMK-AZN","CL"
"AZL1","VIP_Istehlak Zaminsiz","CL"
"SLOG","Yeni Mus. Zamin Diger UMK-AZN","CL"
"SLBG","Yeni Mus. Zamin ABB UMK-AZN","CL"
"APBS","Alternativ Yeni-Pensiya Zamin-ABB","CL"
"RPNS","Alternativ Tekrar-Pensiya QMK-AZN","CL"
"CCL2","DASHINAR EMLAK","CL"
"CCL6","MAASHLA TEMIN OLUNMUSH","CL"
"CCL7","ZAMINLIK","CL"
"PGSF","PUL GIROVU ile temin olunmush -XV","CL"
"LBR1","LIBOR CR INT DLY BAL-XV","IC"
"AL15","MTK-lar  UMK-AZN","CL"
"ABL1","VIP_Istehlak Zaminsiz","CL"
"MYZL","ILK_Paralel Yeniden_M z-li UMK","CL"
"MYML","Moteber_Yeniden_M z-siz UMK-AZN","CL"
"SWOM","Sweep Out - LCY","SI"
"SWIM","SWEEP IN TRANSACTIONS LCY","SI"
"ILGT","Import Letter of Guarantee Tender","LC"
"HLSL","HUQ.SEXS.SERBEST.QMK-AZN","CL"
"ZGS1","Kampaniya_Guzest QMK-AZN 1 ay","CL"
"CNML","İstehlak Annuitet UMK-AZN","CL"
"RPS1","Baglanmaqla_Pensiya z-li   QMK-AZN","CL"
"RPZ1","ILK_Paralel_Pensiya Al-tiv z-li QMK","CL"
"RPT1","Baglanmaqla_Pensiya z-siz  QMK-AZN","CL"
"TKZL","Kampaniya_Baglanmaqla Zaminli","CL"
"SSNG","Yeni Musteri. QMK-AZN","CL"
"SLNG","Yeni Musteri UMK-AZN","CL"
"KANS","Kampaniya_Ilk_Paralel Al-tiv Z-siz","CL"
"KAOS","Kamp_Baglanmaqla Yeniden M. Z-siz","CL"
"KABS","Kampaniya_Ilk_Paralel Al-tiv Z-li","CL"
"ISLD","MALIYYE SEKTORU Q/M MV DEPOZITI","LD"
"CC08","NON-CASH (FCY-FCY) - DISCOUNT RATE","FT"
"ZAHS","AIF ve KZF V. Hes Huq. S. Annu. QMK","CL"
"EPLL","ELA.Kart.Pensiya UMK-AZN","CL"
"KBSL","KREDIT.KOM.SERB. QMK-AZN","CL"
"OMSL","Özəl Müəss. Annuitet QMK-AZN","CL"
"OMLL","Özəl Müəss. Annuitet UMK-AZN","CL"
"DMSL","Dövlət Müəss. Annuitet QMK-AZN","CL"
"IBMG","XV Respub.bank-in ABB-da olan hes.kochurm.","FT"
"CKLM","DƏDRX Çıxarış ilə KP UMK-AZN","CL"
"AZDS","Yeni Musteri QMK-AZN","CL"
"SSOG","Yeni musteri Zamin-Diger QMK-AZN","CL"
"TTZL","Kampaniya_Pensiya_Baglanmaqla Z-li","CL"
"ACOS","Baglanmaqla_KP Al-tiv z-li QMK-AZN","CL"
"NCDS","Guzestli_Sert-le_B cat_Worker Z-siz","CL"
"NCTL","Guzestli_Sert-le_B cat_Worker Z-li","CL"
"DBBL","Int product with Dt and Cr calc","IC"
"SDFL","serbest depozit uzunmuddetli XV","LD"
"INNL","Digər fiziki şəxslərə Annui QMK-AZN","CL"
"PZDS","Kampaniya_KP_Neftci_Mötəbər Zamin","CL"
"AKZS","Tekrar Musteri QMK-AZN","CL"
"APOS","Baglanmaqla_Pensiya Al-tiv z-li QMK","CL"
"OCT5","VESAITIN KOCURULMESI","FT"
"KAQL","P_Kamp_Alternativ_Pensiya Zamin UMK","CL"
"YKLK","Kamp_Neftci_Mötəbər_Yeniden M Z-siz","CL"
"YKLT","Kamp_Baglanmagla Y.Mal Al-tiv Z-li","CL"
"AAL2","VIP_Istehlak Zaminli","CL"
"SAFO","BONDS-NON RES.OTHER.AV.FOR.SALE-FCY","MM"
"RLLL","ISTEHLAK.RESTRUK. UMK-AZN","CL"
"SLLF","SAHIBKAR.SERBEST. UMK-USD","CL"
"PTS1","ILK_Paralel_Pensiya zam-siz QMK-AZN","CL"
"PTL5","ILK_Paralel_Pensiya zam-siz UMK-AZN","CL"
"OBAZ","GONDERILEN BANK KOCURMELERI(AZN)","FT"
"MRMF","İpoteka Annunitet UMK-XV","CL"
"RCS1","Baglanmaqla_KP zaminli QMK-AZN","CL"
"RZS1","ILK_Paralel_KP Al-tiv z-li QMK-AZN","CL"
"AZS1","VIP_Istehlak Zaminsiz","CL"
"AZL2","VIP_Istehlak Zaminli","CL"
"AYS1","Tekrar Musteri QMK-AZN","CL"
"RCBS","Mohteber Alternativ  z-li QMK-AZN","CL"
"APBL","Alternativ Yeni-Pensiya Zamin-ABB","CL"
"CCL0","QIYMETLI METAL","CL"
"KAYL","Kamp Al-tiv Tekr-Pen Z-siz UMK-AZN","CL"
"KAZS","Kamp_Ilk_Paralel Y.Mal Al-tiv Z-li","CL"
"KAGS","Kamp Al-tiv Tekr.Pen. Zamin QMK-AZN","CL"
"MYMS","Moteber_Yeniden_M z-siz QMK-AZN","CL"
"BLYM","Beynalxalq Lizing Yeniden Maliy UMK","CL"
"RMSL","GİROV.RESTRUK.QMK-AZN","CL"
"RFLX","YENIDEN.MALIY. UMK-AZN","CL"
"HDSL","HUQ.SEXS.DOV.SERBEST.QMK-AZN","CL"
"RFST","YENIDEN.MALIYY.TEM-Z. QMK-AZN","CL"
"BBSL","BP_YASHAYISH QMK-AZN","CL"
"BBLL","BP_YASHAYISH.  UMK-AZN","CL"
"MTS1","PENSIYA.TEMINATSIZ. QMK-AZN","CL"
"RTS1","Baglanmaqla_KP zaminsiz  QMK-AZN","CL"
"REST","ILK_Paralel_Al-tiv Yeniden_M z-li","CL"
"ACNS","Baglanmaqla_KP Al-tiv z-siz QMK-AZN","CL"
"RCBL","Mohteber Alternativ  z-li UMK-AZN","CL"
"RPBS","Alternativ Tekrar-Pensiya Zamin-ABB","CL"
"TKDL","Kampaniya_KP_Neftci_Mötəbər Z-siz","CL"
"KAYS","Kamp Al-tiv Tekr.Pen. Z-siz QMK-AZN","CL"
"AL10","MTK-lar   UMK-AZN","CL"
"ASS2","VIP_Istehlak Zaminli","CL"
"AAS1","VIP_Istehlak Zaminsiz","CL"
"AAL1","VIP_Istehlak Zaminsiz","CL"
"ZFFS","KZF subsidiyali QMK-AZN","CL"
"SAFG","BONDS-GOVERMENT.AV.FOR.SALE-FCY","MM"
"CCS3","CR INT DLY BAL-XV (SOCAR)","IC"
"HLLF","HUQ.SEXS.SERBEST. UMK-USD","CL"
"FLLM","SERBEST. UMK-AZN","CL"
"MRL3","KORP. PARAKENDE UMK-AZN","CL"
"RPZ3","ILK_Paralel_Pensiya Al-tiv z-li UMK","CL"
"KYLL","Kampaniya_Baglanmaqla Zaminsiz","CL"
"KYS1","Kampaniya_Baglanmaqla Zaminsiz","CL"
"AZS2","VIP_Istehlak Zaminli","CL"
"RLBG","Tekrar-Yeni Mus. Zamin ABB UMK-AZN","CL"
"TYLL","Kampaniya_Pensiya_Baglanmaqla Z-siz","CL"
"ACBS","Mohteber Alternativ  z-siz QMK-AZN","CL"
"ACBL","Mohteber Alternativ  z-siz  UMK-AZN","CL"
"RCOL","Mohteber Zaminli UMK-AZN","CL"
"RPOS","Alternativ Tekrar-Pensiya Zamin-Dig","CL"
"RPLN","Alternativ Tekrar-Pensiya","CL"
"PKDS","Kamp_Ilk_Paralel Yeniden_M Z-li","CL"
"CCL1","QIYMETLI KAGIZ","CL"
"PGSL","PUL GIROVU ile temin olunmush - AZN","CL"
"CC05","NON - CASH CONVERSION (FCY - FCY)","FT"
"KFSL","KT DX-nin vəsaiti hesabına QMK-AZN","CL"
"CCI1","NON-CASH BUY  - INTERNET BANKING","FT"
"ILLD","MALIYYE SEKTORU U/M MV DEPOZITI","LD"
"SFFL","SIF vesaiti hesabina UMK-AZN","CL"
"KMZS","Kampaniya_KP_Mötəbər Al-tiv Z-li","CL"
"ECLL","ISCI.VE.SEHM.RESTRUK. UMK-AZN","CL"
"BRSL","BP_TEMIR","CL"
"YML2","Yenidən Maliyy. 2 MTK-lar UMK-AZN","CL"
"YML3","Yenidən Maliyy. 3 MTK-lar UMK-AZN","CL"
"SOF1","Sweep Out - FCY","SI"
"EKS1","Sabis_Sun_Tehsil_krediti QMK-AZN","CL"
"RCL3","Baglanmaqla_KP zaminli UMK-AZN","CL"
"ENCL","Tehsil krediti QMK-AZN","CL"
"MMTD","MM PLACEMENT- Minimum Maturity- FCY","MM"
"RLOG","Tekrar-Yeni Mus Zamin-Diger UMK-AZN","CL"
"RCNS","Mohteber  Zaminsiz QMK-AZN","CL"
"PGLF","PUL GIROVU ile temin olunmush -XV","CL"
"MBKT","MM BORROWING NON BANK CR ORG LONG","MM"
"YKSZ","Kamp_Neftci_Mötəbər_Yeniden M Zamin","CL"
"YKSP","Kamp_Baglanmagla Y.Mal Al-tiv Z-siz","CL"
"ASL1","VIP_Istehlak Zaminsiz","CL"
"ABS2","VIP_Istehlak Zaminli","CL"
"ABL2","VIP_Istehlak Zaminli","CL"
"MYRS","Baglanmaqla_Yeniden_M z-siz QMK","CL"
"MYXL","Kamp_Mötəbər_Yeni_Mal. Al-tiv Z-li","CL"
"NCAL","Guzestli_Sert-le_A category_Leader","CL"
"NCOS","Guzestli_Sert-le_A cat_Worker Z-siz","CL"
"PLLA","PENSIYA.TELEB UMK-AZN","CL"
"DMLL","Dövlət Müəss. Annuitet UMK-AZN","CL"
"SWEF","SWEEP IN TRANSACTIONS USD","SI"
"RPL3","Baglanmaqla_Pensiya z-li  UMK-AZN","CL"
"ERCL","ELA.Kart.Kampaniya.Tekrar M UMK-AZN","CL"
"KYZL","Kampaniya Təkrar zaminli UMK-AZN","CL"
"ABZS","Yeni Musteri QMK-AZN","CL"
"TTZS","Kampaniya_Pensiya_Baglanmaqla Z-li","CL"
"RCNL","Mohteber Zaminsiz UMK-AZN","CL"
"CCL9","DIGER","CL"
"PGLL","PUL GIROVU ile temin olunmush - AZN","CL"
"YKSK","Kamp_Neftci_Mötəbər_Yeniden M Z-siz","CL"
"SFHS","SIF vesaiti hesabina QMK-AZN","CL"
"MYNS","ILK_Paralel Yeniden_M  z-siz QMK","CL"
"KKSL","KREDIT.KOM.QMK-AZN","CL"
"RALL","ISTEHLAK.RESTRUK. UMK-AZN","CL"
"CKL3","KORP. PARAKENDE UMK-AZN","CL"
"CKZ1","Korp. Parak. QMK-AZN","CL"
"PBLS","Kampaniya_Ilk_Paralel Z-siz","CL"
"RPBL","Alternativ Tekrar-Pensiya Zamin-ABB","CL"
"APOL","Baglanmaqla_Pensiya Al-tiv z-li UMK","CL"
"PKDL","Kamp_Ilk_Paralel Yeniden_M Z-li","CL"
"CCL8","DOVLET ZAMINLIYI","CL"
"CC07","NON-CASH SALE - DISCOUNT RATE","FT"
"ZAFL","AIF ve KZF V. Hes Fer. S. Annu. UMK","CL"
"ZAFS","AIF ve KZF V. Hes Fer. S. Annu. QMK","CL"
"SWIX","SWEEP IN TRANSACTIONS USD","SI"
"CCI5","NON - CASH IB (FCY - FCY)","FT"
"CCS2","SPECIAL CR INT ON DLY BALANCE-LIMITE","IC"
"NCAS","Guzestli_Sert-le_A category_Leader","CL"
"NCZL","Guzestli_Sert-le_A cat_Worker Z-li","CL"
"HLSF","HUQ.SEXS.SERBEST. QMK-USD","CL"
"KBLL","KREDIT.KOM.SERB. UMK-AZN","CL"
"ALML","Avtokredit Annuitet UMK-AZN","CL"
"INMF","Digər fiziki şəxslərə Annuit UMK-XV","CL"
"LIML","İşçilərə/səhmdarlara Annuit UMK-AZN","CL"
"FTLC","JURNAL MUXABIRLESMELERI-EYNI VALUTA","FT"
"PZDL","Kampaniya_KP_Neftci_Mötəbər Zamin","CL"
"ABLS","Yeni Musteri QMK-AZN","CL"
"SSBG","Yeni Musteri Zamin ABB QMK-AZN","CL"
"TZDL","Kamp_Ilk_Paralel Yeniden_M Z-siz","CL"
"RCOS","Mohteber Zaminli QMK-AZN","CL"
"OCT6","VESAITIN TECILI KOCURULMESI","FT"
"KHLL","KT DX-nin vəsaiti hesabına UMK-AZN","CL"
"KAMS","Kampaniya_Baglanmaqla Al-tiv Z-li","CL"
"KAZL","Kamp_Ilk_Paralel Y.Mal Al-tiv Z-li","CL"
"ZFRH","KZF subsidiyali UMK-AZN","CL"
"MYAL","Moteber_ Yeniden_M Al-tiv z-siz UMK","CL"
"IKNL","Isci Krediti Nagd UMK-AZN","CL"
"YKLP","Kamp_Baglanmagla Y.Mal Al-tiv Z-siz","CL"
"ILFD","MALIYYE SEKTORU U/M XV DEPOZITI NEW","LD"
"ISFD","MALIYYE SEKTORU Q/M XV DEPOZITI","LD"
"MYKL","Kamp_Mötəbər_Yeni_Mal. Al-tiv Z-siz","CL"
"KAGL","Kamp Al-tiv Tekr.Pen. Zamin UMK-AZN","CL"
"T2SF","Terefdaslara A. D. Ferdi S. QMK-XV","CL"
"T2LF","Terefdaslara A. D. Ferdi S. UMK-XV","CL"
"IBMZ","MV loro m/h kochurme","FT"
"OCT7","VASITECI BANKLARIN XIDMET HAQLARININ VESAIT ALAN TEREFINDEN TUTULDUGU HALDA VESAITIN KOCURULMESI","FT"
"OCT8","VASITECI BANKLARIN XIDMET HAQLARININ VESAIT ALAN TEREFINDEN TUTULDUGU HALDA VESAITIN TECILI KOCURULMESI","FT"
"KAML","Kampaniya_Baglanmaqla Al-tiv Z-li","CL"
"AL20","MTK-lar   UMK-AZN","CL"
"ASL2","VIP_Istehlak Zaminli","CL"
"MYTL","Baglanmaqla_Yeniden_M z-li UMK","CL"
"I1LL","Invoyslarin MK Huq.Sexslere UMK-AZN","CL"
"I2SL","Invoyslarin MK Fer.Sahibkar QMK-AZN","CL"
"I2LL","Invoyslarin MK Fer Sahibkar UMK-AZN","CL"
"SIXV","SI PAYMENTS for FCY","SI"
"SIMV","SI PAYMENTS for LCY","SI"
"KAES","Kamp_Ilk_Paralel Y.Mal Al-tiv Z-siz","CL"
"OPWU","WESTERN UNION KOCURMELERI(XOHKS)","PC"
"LGKL","Kontur GARANTIYA hesabina acilan","CL"
"RSTX","Menzil Layihesi UMK-AZN","CL"
"NCZS","Guzestli_Sert-le_A cat_Worker Z-li","CL"
"YKLZ","Kamp_Neftci_Mötəbər_Yeniden M Zamin","CL"
"ZAHL","AIF ve KZF V. Hes Huq. S. Annu. UMK","CL"
"T1SF","Terefdaslara A. D. Huq.S. QMK-XV","CL"
"T1LF","Terefdaslara A. D. Huq.S. UMK-XV","CL"
"NCDL","Guzestli_Sert-le_B cat_Worker Z-siz","CL"
"NCTS","Guzestli_Sert-le_B cat_Worker Z-li","CL"
"AYBL","Baglanmaqla_Al-tiv Yeniden_M z-li","CL"
"ZFFL","KZF subsidiyali UMK-AZN","CL"
"T1LL","Terefdaslara A. D. Huquqi S.UMK-AZN","CL"
"KMAL","Kampaniya_KP_Mötəbər Al-tiv Z-siz","CL"
"KMZL","Kampaniya_KP_Mötəbər Al-tiv Z-li","CL"
"I1SL","Invoyslarin MK Huq.Sexslere QMK-AZN","CL"
"I4SL","Invoys. MK Ferd.S Yeniden M QMK-AZN","CL"
"I4LL","Invoys. MK Ferd.S Yeniden M UMK-AZN","CL"
"LGKF","Kontur GARANTIYA hesabina acilan","CL"
"MYXS","Kamp_Mötəbər_Yeni_Mal. Al-tiv Z-li","CL"
"SDLL","Sərbəst depozit uzunmüddətli milli ","LD"
"AYNL","Baglanmaqla_Al-tiv Yeniden_M z-siz","CL"
"AL25","MTK-lar   UMK-AZN","CL"
"MYTS","Baglanmaqla_Yeniden_M z-li QMK","CL"
"MYAS","Moteber_ Yeniden_M Al-tiv z-siz QMK","CL"
"MYFS","Moteber_ Yeniden_M  Al-tiv z-li QMK","CL"
"SHGV","GOVERMENT BONDS,NON RES,HOLD-FCY","MM"
"NCBL","Guzestli_Sert-le_B category_Leader","CL"
"KAOL","Kamp_Baglanmaqla Yeniden M. Z-siz","CL"
"KABL","Kampaniya_Ilk_Paralel Al-tiv Z-li","CL"
"KATS","Kamp_Baglanmaqla Yeniden M. Z-li","CL"
"AAS2","VIP_Istehlak Zaminli","CL"
"MYGS","Moteber_Yeniden_M  z-li QMK-AZN","CL"
"MDUS","Corporate cards us embassy dr int  MV","IC"
"MDUF","Corporate cards us embassy dr int FCY","IC"
"MYZS","ILK_Paralel Yeniden_M z-li QMK","CL"
"MYGL","Moteber_Yeniden_M z-li  UMK-AZN","CL"
"T2SL","Terefdaslara A. D. Ferdi S. QMK-AZN","CL"
"KMAS","Kampaniya_KP_Mötəbər Al-tiv Z-siz","CL"
"SFFS","SIF vesaiti hesabina QMK-AZN","CL"
"ZFHS","KZF subsidiyali QMK-AZN","CL"
"ZFHL","KZF subsidiyali UMK-AZN","CL"
"ZFRF","KZF subsidiyali UMK-AZN","CL"
"MYNL","ILK_Paralel Yeniden_M z-siz UMK","CL"
"NCOL","Guzestli_Sert-le_A cat_Worker Z-siz","CL"
"MYFL","Moteber_ Yeniden_M  Al-tiv z-li UMK","CL"
"T1SL","Terefdaslara A. D. Huq.S. QMK-AZN","CL"
"T2LL","Terefdaslara A. D. Ferdi S. UMK-AZN","CL"
"IKKL","Isci Krediti Komite Qerari UMK-AZN","CL"
"SWOX","Sweep Out - FCY","SI"
"BOSL","Bank Olmayan Kredit Teş. QMK-AZN","CL"
"CCI2","NON-CASH SALE - INTERNET BANKING","FT"
"CNSA","Digər fiziki səxslərə UMK-XV","CL"
"I3SL","Invoys. MK Huq.S. Yeniden M QMK-AZN","CL"
"I3LL","Invoys. MK Huq.S. Yeniden M UMK-AZN","CL"
"KHSL","KT DX-nin vəsaiti hesabına  QMK-AZN","CL"
"MCT4","MULTI CURRENCY CUSTOMER TRANSFER","FT"
"AL30","MTK-lar   UMK-AZN","CL"
"ASS1","VIP_Istehlak Zaminsiz","CL"
"IKKS","Isci Krediti komite Qerari QMK-AZN","CL"
