"MIS_CLASS","MIS_CODE","CODE_DESC","ACTIVE"
"SUBINDCOD","00","Digər","A"
"SUBINDCOD","01","Xam neft, təbii qaz, daş kömür və digər yanacaq növlərinin hasilatı","A"
"SUBINDCOD","01111","DENLI (CELTIK ISTISNA OLMAQLA) BITKILERIN BECERILMESI","A"
"SUBINDCOD","01112","PAXLALI BITKILERIN BECERILMESI","A"
"SUBINDCOD","01113","YAGLI BITKILERIN VE ONLARIN TOXUMLARININ BECERILMESI","A"
"SUBINDCOD","01120","CELTIYIN BECERILMESI","A"
"SUBINDCOD","01131","TEREVEZ, BOSTAN, KOKUMEYVELI VE KOKUYUMRULARIN BECERILMESI","A"
"SUBINDCOD","01132","SEKER CUGUNDURUNUN VE ONUN TOXUMUNUN BECERILMESI","A"
"SUBINDCOD","01133","GOBELEYIN VE YERDOMBALANIN BECERILMESI","A"
"SUBINDCOD","01134","KARTOFUN BECERILMESI","A"
"SUBINDCOD","01140","SEKER QAMISININ BECERILMESI","A"
"SUBINDCOD","01150","TUTUNUN BECERILMESI","A"
"SUBINDCOD","01161","LIFLI BITKILERIN BECERILMESI","A"
"SUBINDCOD","01162","PAMBIGIN BECERILMESI","A"
"SUBINDCOD","01191","YEM BITKILERININ VE ONLARIN TOXUMLARININ BECERILMESI","A"
"SUBINDCOD","01192","YABANI DERMAN BITKILERI XAMMALININ YIGILMASI","A"
"SUBINDCOD","01193","GULLERIN VE ONLARIN TOXUMLARININ BECERILMESI","A"
"SUBINDCOD","01199","DIGER BIRILLIK BITKILERIN BECERILMESI","A"
"SUBINDCOD","01210","UZUMUN BECERILMESI","A"
"SUBINDCOD","01220","TROPIK VE SUBTROPIK MEYVELERIN BECERILMESI","A"
"SUBINDCOD","01230","SITRUS MEYVELERIN BECERILMESI","A"
"SUBINDCOD","01241","TUMLU VE CEYIRDEKLI MEYVELERIN BECERILMESI","A"
"SUBINDCOD","01242","QOZ-FINDIQ VE SAIR GILEMEYVE MEHSULLARININ BECERILMESI","A"
"SUBINDCOD","01250","DIGER AGACLARIN, KOL BITKILERININ VE QERZEKLI MEYVELERIN BECERILMESI","A"
"SUBINDCOD","01260","YAGLI MEYVELERIN BECERILMESI","A"
"SUBINDCOD","01271","ICKI ISTEHSALI UCUN BITKILERIN BECERILMESI","A"
"SUBINDCOD","01272","CAY YARPAGININ BECERILMESI","A"
"SUBINDCOD","01280","EDVIYYAT, ETRIYYAT VE DERMAN BITKILERININ BECERILMESI","A"
"SUBINDCOD","01290","DIGER COXILLIK BITKILERIN BECERILMESI","A"
"SUBINDCOD","01300","BITKILERIN COXALDILMASI (EKILMESI)","A"
"SUBINDCOD","01410","SUDLUK IRIBUYNUZLU MAL-QARANIN YETISDIRILMESI","A"
"SUBINDCOD","01420","DIGER IRIBUYNUZLU MAL-QARANIN VE CAMISLARIN YETISDIRILMESI","A"
"SUBINDCOD","01430","AT, ESSEK VE QATIRLARIN YETISDIRILMESI","A"
"SUBINDCOD","01440","DEVELERIN VE MAYALARIN YETISDIRILMESI","A"
"SUBINDCOD","01450","QOYUN VE KECILERIN YETISDIRILMESI","A"
"SUBINDCOD","01460","DONUZLARIN YETISDIRILMESI","A"
"SUBINDCOD","01471","EV (KEND TESERRUFATI) QUSLARININ YETISDIRILMESI","A"
"SUBINDCOD","01472","YUMURTA ISTEHSALI","A"
"SUBINDCOD","01491","ARILARIN BECERILMESI, ARI BALININ VE ARI MUMUNUN ISTEHSALI","A"
"SUBINDCOD","01492","BARAMA QURDUNUN YETISDIRILMESI VE BARAMA ISTEHSALI","A"
"SUBINDCOD","01493","XEZ DERILI HEYVANLARIN YETISDIRILMESI VE XEZ DERI ISTEHSALI","A"
"SUBINDCOD","01499","DIGER HEYVANLARIN YETISDIRILMESI","A"
"SUBINDCOD","01500","HEYVANDARLIQLA ELAQELI BITKICILIK","A"
"SUBINDCOD","01611","BITKICILIK SAHESINDE XIDMET GOSTERILMESI","A"
"SUBINDCOD","01612","IRRIQASIYA SISTEMININ ISTISMARI","A"
"SUBINDCOD","01613","BITKICILIK SAHESINDE DIGER XIDMETLERIN GOSTERILMESI","A"
"SUBINDCOD","01620","HEYVANDARLIQ SAHESINDE XIDMETIN GOSTERILMESI","A"
"SUBINDCOD","01630","KEND TESERRUFATI BITKILERI MEHSULLARININ EMALI UZRE XIDMETLERIN GOSTERILMESI","A"
"SUBINDCOD","01640","EKILMEYE (TOXUM FONDUNUN FORMALASDIRILMASINA) HAZIRLIQ UZRE XIDMETLERIN GOSTERILMESI","A"
"SUBINDCOD","01700","OVCULUQ VE VEHSI HEYVANLARIN YETISDIRILMESI VE BU SAHELERDE XIDMETIN GOSTERILMESI","A"
"SUBINDCOD","02","Metal filizlərinin hasilatı","A"
"SUBINDCOD","02100","MESECILIK VE MESE TESERRUFATI ILE BAGLI SAIR FEALIYYET","A"
"SUBINDCOD","02200","AGAC TEDARUKU","A"
"SUBINDCOD","02301","YABANI BITEN QEYRI-AGAC MEHSULLARININ YIGILMASI","A"
"SUBINDCOD","02302","YABANI BITEN MESE GOBELEKLERININ, MEYVELERININ VE DIGER YEYILEN MESE MEHSULLARININ YIGILMASI","A"
"SUBINDCOD","02309","YABANI BITEN DIGER QEYRI-AGAC MESE MEHSULLARININ YIGILMASI","A"
"SUBINDCOD","02400","MESE TESERRUFATI (MESE BECERME VE AGAC TEDARUKU) SAHESINDE XIDMETLERIN GOSTERILMESI","A"
"SUBINDCOD","03","Mədənçıxarma sənayəsinin digər sahələri (karxana və s) ","A"
"SUBINDCOD","03110","DENIZ BALIQCILIGI","A"
"SUBINDCOD","03120","CAYLARDA, GOLLERDE, SU ANBARLARINDA (SIRIN SULARDA) BALIQCILIQ","A"
"SUBINDCOD","03210","DENIZ BALIQYETISDIRILMESI","A"
"SUBINDCOD","03220","SIRIN SU HOVZELERINDE BALIQYETISDIRME","A"
"SUBINDCOD","04","İçki və tütün də daxil olmaqla qida məhsullarının istehsalı","A"
"SUBINDCOD","05","Toxuculuq və tikiş sənayesi","A"
"SUBINDCOD","05100","DAS KOMURUN HASILATI","A"
"SUBINDCOD","05200","LIQNITIN HASILATI","A"
"SUBINDCOD","06","Dəri emalı, dəridən məmulatlar və ayaqqabı istehsalı","A"
"SUBINDCOD","06100","XAM NEFTIN HASILATI","A"
"SUBINDCOD","06200","TEBII (YANAR) QAZ HASILATI","A"
"SUBINDCOD","07","Mebel, ağac məmulatlarının (pəncərə, qapı və s) istehsalı","A"
"SUBINDCOD","07100","DEMIR FILIZININ HASILATI","A"
"SUBINDCOD","07210","URAN VE TORIUM FILIZLERININ HASILATI","A"
"SUBINDCOD","07291","QIYMETLI METALLARIN VE QIYMETLI DASLARIN ISTEHSALI (QIY. METALIN FILIZLERDEN, KONSENTRATLARDAN ALINMASI)","A"
"SUBINDCOD","07299","DIGER ELVAN METAL FILIZLERININ HASILATI","A"
"SUBINDCOD","08","Sellüloz- kağız istehsalı və poliqrafiya fəaliyyəti","A"
"SUBINDCOD","08111","DEKORATIV VE TIKINTI DASLARININ HASILATI","A"
"SUBINDCOD","08112","EHENG DASININ VE GIPSIN HASILATI","A"
"SUBINDCOD","08113","TEBASIR VE SUSUZLASDIRILMAMIS DELOMITIN HASILATI","A"
"SUBINDCOD","08114","SIST HASILATI","A"
"SUBINDCOD","08121","CINQIL VE QUMUN HASILATI","A"
"SUBINDCOD","08122","GIL VE KAOLIN HASILATI","A"
"SUBINDCOD","08910","KIMYA SENAYESI VE GUBRE ISTEHSALI UCUN MINERAL XAMMAL HASILATI","A"
"SUBINDCOD","08920","TORF HASILATI","A"
"SUBINDCOD","08930","DUZ HASILATI","A"
"SUBINDCOD","08991","MEDENCIXARMA SENAYESININ DIGER QRUPLARINA DAXIL EDILMEYEN SAIR SAHELERI","A"
"SUBINDCOD","08992","TEBII ASFALT VE BITUM HASILATI","A"
"SUBINDCOD","09","Neft məhsullarının istehsalı","A"
"SUBINDCOD","09101","NEFT VE TEBII QAZ HASILATI SAHESINDE XIDMETLERIN GOSTERILMESI","A"
"SUBINDCOD","09102","NEFT VE TEBII QAZIN HASILATI UCUN QUYULARIN QAZILMASI","A"
"SUBINDCOD","09900","MEDENCIXARMA SENAYESININ DIGER SAHELERINDE XIDMETLERIN GOSTERILMESI","A"
"SUBINDCOD","10","Kimya sənayesi","A"
"SUBINDCOD","10110","ET ISTEHSALI VE KONSERVLESDIRILMESI (QUS ETINDEN BASQA)","A"
"SUBINDCOD","10120","EV QUSLARI VE DOVSAN ETININ EMALI VE KONSERVLESDIRILMESI","A"
"SUBINDCOD","10131","KOLBASA, SOSISKA, SALYAMI, PASTET, BEKON VE SAIR ET MEMULATLARININ ISTEHSALI","A"
"SUBINDCOD","10132","ET, QUS VE EVDOVSANI ETINDEN DIGER MEMULATLARIN ISTEHSALI","A"
"SUBINDCOD","10201","BALIQ MEHSULLARININ ISTEHSALI","A"
"SUBINDCOD","10202","BALIGIN, XERCENGKIMILERIN VE MOLYUSKALARIN EMALI VE KONSERVLESDIRILMESI","A"
"SUBINDCOD","10311","KARTOFUN EMALI VE KONSERVLESDIRILMESI","A"
"SUBINDCOD","10312","KARTOF UNUNUN ISTEHSALI","A"
"SUBINDCOD","10320","MEYVE VE TEREVEZ SIRELERININ ISTEHSALI","A"
"SUBINDCOD","10391","DIGER QRUPLARA DAXIL EDILMEYEN MEYVE VE TEREVEZLERIN KONSERVLESDIRILMESI","A"
"SUBINDCOD","10392","MEYVE VE YA TEREVEZDEN YEYINTI MEHSULLARININ ISTEHSALI","A"
"SUBINDCOD","10393","CEM, MARMELAD VE JELENIN ISTEHSALI","A"
"SUBINDCOD","10411","TEMIZLENMEMIS YAG VE PIYLERIN ISTEHSALI","A"
"SUBINDCOD","10412","TEMIZLENMIS YAG VE PIYLERIN ISTEHSALI","A"
"SUBINDCOD","10420","MARQARIN VE QARISDIRILMIS YEYINTI PIYLERININ ISTEHSALI","A"
"SUBINDCOD","10511","SUD VE SUD MEHSULLARININ ISTEHSALI","A"
"SUBINDCOD","10512","PENDIR VE KESMIK ISTEHSALI","A"
"SUBINDCOD","10520","DONDURMA ISTEHSALI","A"
"SUBINDCOD","10611","BUGDA EMALI SENAYESI MEHSULLARININ ISTEHSALI","A"
"SUBINDCOD","10612","DENLI BITKILERDEN UN VE YARMA ISTEHSALI","A"
"SUBINDCOD","10620","NISASTA VE NISASTA MEHSULLARININ ISTEHSALI","A"
"SUBINDCOD","10710","COREK ISTEHSALI; UZUN MUDDET SAXLANILA BILMEYEN UNLU QENNADI MEMULATLARININ ISTEHSALI","A"
"SUBINDCOD","10720","SUXARI VE PECENYE ISTEHSALI, UZUN MUDDET SAXLANILA BILEN UNLU QENNADI MEMULATLARININ ISTEHSALI","A"
"SUBINDCOD","10730","MAKARON, ERISTE VE OXSAR MEMULATLARIN ISTEHSALI","A"
"SUBINDCOD","10810","SEKER (QEND) ISTEHSALI","A"
"SUBINDCOD","10820","KAKAO, SOKOLAD VE SEKERDEN QENNADI MEMULATLARININ ISTEHSALI","A"
"SUBINDCOD","10830","CAY VE KOFE ISTEHSALI (EMALI)","A"
"SUBINDCOD","10840","EDVIYYAT VE SIRELERIN ISTEHSALI","A"
"SUBINDCOD","10850","HAZIR YEMEKLERIN ISTEHSALI","A"
"SUBINDCOD","10860","USAQ QIDALARININ VE PEHRIZ ERZAQ MEHSULLARININ ISTEHSALI","A"
"SUBINDCOD","10890","DIGER QRUPLARA DAXIL EDILMEYEN SAIR QIDA MEHSULLARININ ISTEHSALI","A"
"SUBINDCOD","10910","FERMALARDA SAXLANAN HEYVANLAR UCUN HAZIR YEMLERIN ISTEHSALI","A"
"SUBINDCOD","10920","EV HEYVANLARI UCUN HAZIR YEMLERIN ISTEHSALI","A"
"SUBINDCOD","11","Rezin və plastmas məmulatların istehsalı","A"
"SUBINDCOD","11011","DISTILLE EDILMIS VE TEMIZLENMIS SPIRTLI ICKILERIN ISTEHSALI","A"
"SUBINDCOD","11012","QICQIRMA MATERIALLARINDAN ETIL SPIRTININ ISTEHSALI","A"
"SUBINDCOD","11020","UZUMDEN SERAB ISTEHSALI","A"
"SUBINDCOD","11030","SIDR VE BASQA GILEMEYVE SERABLARININ ISTEHSALI","A"
"SUBINDCOD","11040","QICQIRMA MATERIALLARINDAN DISTILLE EDILMEMIS SAIR ICKILERIN ISTEHSALI","A"
"SUBINDCOD","11050","PIVE ISTEHSALI","A"
"SUBINDCOD","11060","SEMENI PIVESININ ISTEHSALI","A"
"SUBINDCOD","11071","MINERAL SULAR VE DIGER SULARIN BUTULKALARDA ISTEHSALI","A"
"SUBINDCOD","11072","DIGER ALKOQOLSUZ ICKILERIN ISTEHSALI","A"
"SUBINDCOD","12","Digər qeyri-metal mineral məhsulların istehsalı","A"
"SUBINDCOD","12000","TUTUN MEMULATLARININ ISTEHSALI","A"
"SUBINDCOD","13","Metallurgiya sənayesi və hazır metal məmulatlarının istehsalı","A"
"SUBINDCOD","13101","PAMBIGIN ILKIN EMALI","A"
"SUBINDCOD","13102","PAMBIQ PARCA LIFININ EYIRILMESI","A"
"SUBINDCOD","13103","DARAMA MASININDA YUN LIFININ EYIRILMESI","A"
"SUBINDCOD","13104","KAMVOL YUN LIFININ EYIRILMESI","A"
"SUBINDCOD","13105","KETAN LIFININ EYIRILMESI","A"
"SUBINDCOD","13106","TEBII IPEK, SUNI VE SINTETIK LIFLERIN HAZIRLANMASI","A"
"SUBINDCOD","13107","TIKIS SAPLARININ ISTEHSALI","A"
"SUBINDCOD","13108","SAIR TOXUCULUQ LIFLERININ HAZIRLANMASI VE EYIRILMESI","A"
"SUBINDCOD","13201","PAMBIQ PARCALARIN ISTEHSALI","A"
"SUBINDCOD","13202","MASINLA DARANIB EYRILMIS LIFLERDEN YUN PARCALARIN ISTEHSALI","A"
"SUBINDCOD","13203","EVDE DARANIB EYRILMIS LIFLERDEN YUN PARCALARIN ISTEHSALI","A"
"SUBINDCOD","13204","IPEK PARCALARIN ISTEHSALI","A"
"SUBINDCOD","13300","PARCALARIN BEZEDILMESI","A"
"SUBINDCOD","13910","TOXUCULUQ KETANLARININ ISTEHSALI","A"
"SUBINDCOD","13921","GEYIMDEN BASQA HAZIR TOXUCULUQ MEMULATLARININ ISTEHSALI","A"
"SUBINDCOD","13922","YATAQ, YEMEK OTAGI, TUALET VE METBEX AGLARININ ISTEHSALI","A"
"SUBINDCOD","13930","XALCA VE XALCA MEMULATLARININ ISTEHSALI","A"
"SUBINDCOD","13940","KANAT (BURAZ), KENDIR, IP VE TOR ISTEHSALI","A"
"SUBINDCOD","13950","TOXUNULMAYAN TOXUCULUQ MATERIALLARI VE ONLARDAN MEMULATLARIN ISTEHSALI","A"
"SUBINDCOD","13960","TEXNIKI USULLA HAZIRLANAN DIGER TOXUCULUQ MEMULATLARININ ISTEHSALI","A"
"SUBINDCOD","13990","DIGER QRUPLARA DAXIL EDILMEYEN SAIR TOXUCULUQ MEMULATLARININ ISTEHSALI","A"
"SUBINDCOD","14","Maşın və avadanlıqların istehsalı","A"
"SUBINDCOD","14110","DERIDEN GEYIM ISTEHSALI","A"
"SUBINDCOD","14120","XUSUSI (IS) GEYIMIN ISTEHSALI","A"
"SUBINDCOD","14130","UST GEYIMIN ISTEHSALI","A"
"SUBINDCOD","14140","ALT PALTARI ISTEHSALI","A"
"SUBINDCOD","14191","BAS GEYIMLERININ ISTEHSALI","A"
"SUBINDCOD","14199","SAIR GEYIM VE AKSESUARLARIN ISTEHSALI","A"
"SUBINDCOD","14200","XEZ MEMULATLARININ ISTEHSALI","A"
"SUBINDCOD","14311","TRIKOTAJ CORAB MEMULATLARININ ISTEHSALI","A"
"SUBINDCOD","14312","TRIKOTAJ PULOVERLERIN, CEMPERLERIN VE BUNA BENZER MEMULATLARIN ISTEHSALI","A"
"SUBINDCOD","14390","DIGER TRIKOTAJ MEMULATLARININ ISTEHSALI","A"
"SUBINDCOD","15","Elektrik maşınları və elektrik avadanlıqlarının istehsalı","A"
"SUBINDCOD","15110","DERININ ASILANMASI, RENGLENMESI VE HAZIRLANMASI","A"
"SUBINDCOD","15120","DERIDEN CAMADAN, CANTA VE DIGER MEMULATLARIN ISTEHSALI","A"
"SUBINDCOD","15201","GON-DERI AYAQQABILARIN ISTEHSALI","A"
"SUBINDCOD","15202","DIGER MATERIALLARDAN OLAN AYAQQABILARIN ISTEHSALI","A"
"SUBINDCOD","16","Nəqliyyat vasitələri və avadanlıqlarının istehsalı","A"
"SUBINDCOD","16100","TAXTA-SALBANIN KESILMESI VE YONULMASI, ODUNCAGIN HOPDURULMASI","A"
"SUBINDCOD","16210","SPON, FANER VE AGAC LOVHELERIN ISTEHSALI","A"
"SUBINDCOD","16220","YIGMA PARKET DOSEMELERIN ISTEHSALI","A"
"SUBINDCOD","16230","AGAC TIKINTI KONSTRUKSIYALARI VE XARRATLIQ MEMULATLARININ ISTEHSALI","A"
"SUBINDCOD","16240","TAXTA TARALARIN ISTEHSALI","A"
"SUBINDCOD","16290","AGAC VE MANTARDAN, NAZIK YONQARLARDAN VE HORME UCUN MATERIALLARDAN SAIR MEMULATLARIN ISTEHSALI","A"
"SUBINDCOD","17","Emal sənayesinin digər sahələri","A"
"SUBINDCOD","17110","KAGIZ KUTLESI (SELLULOZ) ISTEHSALI","A"
"SUBINDCOD","17120","KAGIZ VE KARTON ISTEHSALI","A"
"SUBINDCOD","17210","BUZMELENMIS KARTON VE KAGIZ, KARTON VE KAGIZ TARALARIN ISTEHSALI","A"
"SUBINDCOD","17220","TESERRUFAT-MEISET VE SANITAR - GIGIYENIYA TEYINATLI KAGIZ MEMULATLARININ ISTEHSALI","A"
"SUBINDCOD","17230","DEFTERXANA, KAGIZ MEMULATLARININ ISTEHSALI","A"
"SUBINDCOD","17240","DIVAR KAGIZLARININ ISTEHSALI","A"
"SUBINDCOD","17290","KAGIZ VE KARTONDAN SAIR MEMULATLARIN ISTEHSALI","A"
"SUBINDCOD","18","Elektrik enerjisi və Qazın istehsalı ","A"
"SUBINDCOD","18110","QEZETLERIN CAP EDILMESI","A"
"SUBINDCOD","18121","DIGER POLIQRAFIYA MEHSULLARININ (QEZETLERDEN ELAVE) CAP EDILMESI","A"
"SUBINDCOD","18122","CAP ISLERININ YERINE YETIRILMESI ILE ELAQEDAR XIDMETLER","A"
"SUBINDCOD","18123","BUTUN NOV QIYMETLI KAGIZ BLANKLARININ HAZIRLANMASI VE SATISI UZRE FEALIYYET","A"
"SUBINDCOD","18124","CIDDI HESABAT BLANKLARININ HAZIRLANMASI","A"
"SUBINDCOD","18130","CAP ISLERININ HAZIRLANMASI","A"
"SUBINDCOD","18140","CILDLEME VE BEZEK ISLERI","A"
"SUBINDCOD","18201","SES YAZILARININ SURETININ CIXARILMASI","A"
"SUBINDCOD","18202","VIDEOYAZILARIN SURETININ CIXARILMASI","A"
"SUBINDCOD","18203","MASIN DASIYICILARININ MELUMATLARININ SURETININ CIXARILMASI","A"
"SUBINDCOD","19","Sənayenin digər sahələri","A"
"SUBINDCOD","19100","KOKS ISTEHSALI","A"
"SUBINDCOD","19200","TEMIZLENMIS NEFT MEHSULLARININ ISTEHSALI, O CUMLEDEN NEFT MEHSULLARINDAN BRIKETLER","A"
"SUBINDCOD","20","Kənd təsərrüfatı, ovçuluq və bu sahədə xidmətlərin göstərilməsi","A"
"SUBINDCOD","20110","SENAYE QAZLARININ ISTEHSALI","A"
"SUBINDCOD","20120","BOYAQ MADDELERI VE PIQMENTLERIN ISTEHSALI","A"
"SUBINDCOD","20130","SAIR ESAS QEYRI-UZVI KIMYEVI MADDELERIN ISTEHSALI","A"
"SUBINDCOD","20140","SAIR ESAS UZVI KIMYEVI MADDELERIN ISTEHSALI","A"
"SUBINDCOD","20150","GUBRE VE AZOT BIRLESMELERININ ISTEHSALI","A"
"SUBINDCOD","20160","ILKIN FORMALARDA PLASTIK KUTLE ISTEHSALI","A"
"SUBINDCOD","20170","ILKIN FORMADA SINTETIK KAUCUK ISTEHSALI","A"
"SUBINDCOD","20200","AQROKIMYEVI MEHSULLARIN ISTEHSALI","A"
"SUBINDCOD","20300","BOYA, LAK VE BUNA BENZER ORTUKLERIN, METBEE BOYALARININ VE MASTIKALARININ ISTEHSALI","A"
"SUBINDCOD","20410","SABUN VE YUYUCU TOZLARIN, TEMIZLEYICI VE CILALAYICI VASITELERIN ISTEHSALI","A"
"SUBINDCOD","20420","ETRIYYAT VE KOSMETIKA VASITELERININ ISTEHSALI","A"
"SUBINDCOD","20510","PARTLAYICI MADDELERIN ISTEHSALI","A"
"SUBINDCOD","20520","YAPISQAN ISTEHSALI","A"
"SUBINDCOD","20530","EFIR YAGLARININ ISTEHSALI","A"
"SUBINDCOD","20591","FOTOMATERIALLARIN ISTEHSALI","A"
"SUBINDCOD","20599","DIGER QRUPLARA DAXIL EDILMEMIS SAIR KIMYEVI MEHSULLARIN ISTEHSALI","A"
"SUBINDCOD","20600","SUNI VE SINTETIK KIMYEVI LIFLERIN ISTEHSALI","A"
"SUBINDCOD","21","Meşə təsərrüfatı və bu sahədə xidmətlərin göstərilməsi","A"
"SUBINDCOD","21100","ESAS ECZACILIQ MEHSULLARININ ISTEHSALI","A"
"SUBINDCOD","21200","ECZACILIQ PREPARATLARININ VE MATERIALLARININ ISTEHSALI","A"
"SUBINDCOD","22","Balıqçılıq, balıq təsərrüfatı və bununla əlaqədar xidmətlər","A"
"SUBINDCOD","22110","REZIN SIN, TEKER VE KAMERALARIN ISTEHSALI VE BERPASI","A"
"SUBINDCOD","22191","REZINDEN SENAYE TEYINATLI MEHSULLARIN VE YARIMFABRIKATLARIN ISTEHSALI","A"
"SUBINDCOD","22192","REZIN MEMULATLARIN ISTEHSALI","A"
"SUBINDCOD","22193","MUXTELIF NOV MOHURLERIN VE STAMPLARIN HAZIRLANMASI","A"
"SUBINDCOD","22210","PLASTIK LOVHELERIN, ZOLAQLARIN, BORULARIN, PROFILLERIN ISTEHSALI","A"
"SUBINDCOD","22220","EMTEELERIN QABLASDIRILMASI UCUN PLASTIK MEMULATLARIN ISTEHSALI","A"
"SUBINDCOD","22230","TIKINTIDE ISTIFADE EDILEN PLASTIK KUTLEDEN MEMULATLARIN ISTEHSALI","A"
"SUBINDCOD","22290","SAIR PLASTIK MEMULATLARIN ISTEHSALI","A"
"SUBINDCOD","23","Kənd təsərrüfatının digər sahələri","A"
"SUBINDCOD","23110","SUSE TEBEQESININ ISTEHSALI","A"
"SUBINDCOD","23120","SUSE TEBEQESININ FORMALASDIRILMASI VE EMALI","A"
"SUBINDCOD","23130","ICIBOS SUSE MEMULATLARININ ISTEHSALI","A"
"SUBINDCOD","23140","SUSE LIFIN ISTEHSALI","A"
"SUBINDCOD","23190","TEXNIKI SUSE MEMULATLARI DAXIL OLMAQLA SAIR SUSE MEMULATLARIN ISTEHSALI VE EMALI","A"
"SUBINDCOD","23200","ODADAVAMLI MEMULATLARIN ISTEHSALI","A"
"SUBINDCOD","23310","SAXSI LOVHECIKLERIN VE LOVHELERIN ISTEHSALI","A"
"SUBINDCOD","23320","KERPIC, KIREMIT VE YANDIRILMIS GILDEN SAIR TIKINTI MEMULATLARININ ISTEHSALI","A"
"SUBINDCOD","23410","TESERRUFAT VE DEKORATIV SAXSI MEMULATLARIN IN ISTEHSALI","A"
"SUBINDCOD","23420","SAXSI SANITAR - TEXNIKI MEMULATLARIN ISTEHSALI","A"
"SUBINDCOD","23430","SAXSI IZOLYATORLARIN VE SAXSI IZOLYASIYA ARMATURUNUN ISTEHSALI","A"
"SUBINDCOD","23440","SAIR TEXNIKI SAXSI MEMULATLARIN ISTEHSALI","A"
"SUBINDCOD","23490","SAIR SAXSI MEMULATLARIN ISTEHSALI","A"
"SUBINDCOD","23510","SEMENT ISTEHSALI","A"
"SUBINDCOD","23520","EHENG VE GIPS ISTEHSALI","A"
"SUBINDCOD","23610","TIKINTIDE ISTIFADE ETMEK UCUN BETONDAN MEMULATLARIN ISTEHSALI","A"
"SUBINDCOD","23620","TIKINTIDE ISTIFADE ETMEK UCUN GIPS MEMULATLARININ ISTEHSALI","A"
"SUBINDCOD","23630","EMTEE BETONUNUN ISTEHSALI (HAZIR BETON QARISIGI)","A"
"SUBINDCOD","23640","QURU BETON QATISIGININ ISTEHSALI","A"
"SUBINDCOD","23650","LIFLI SEMENTDEN (AZBESTSEMENTDEN) MEMULATLARIN ISTEHSALI","A"
"SUBINDCOD","23690","BETON, GIPS VE SEMENTDEN SAIR MEMULATLARIN ISTEHSALI","A"
"SUBINDCOD","23700","DEKORATIV VE TIKINTI DASLARININ KESILMESI, EMALI VE NAXISLANMASI","A"
"SUBINDCOD","23910","ABRAZIV MEMULATLARIN ISTEHSALI","A"
"SUBINDCOD","23990","DIGER QRUPLARA DAXIL EDILMEYEN SAIR QEYRI-METAL MINERAL MEHSULLARIN ISTEHSALI","A"
"SUBINDCOD","24","Yaşayış sahələrin tikintisi","A"
"SUBINDCOD","24100","CUQUN, POLAD VE FERROERINTI ISTEHSALI","A"
"SUBINDCOD","24200","POLADDAN BORU, ICI BOS PROFILLER VE BIRLESDIRICI HISSELERIN ISTEHSALI","A"
"SUBINDCOD","24310","SOYUQ DARTMA","A"
"SUBINDCOD","24320","ENSIZ ZOLAQLARIN VE LENTLERIN SOYUQ YAYILMASI","A"
"SUBINDCOD","24330","MEHSULLARIN SOYUQ SEKILDE STAMPLANMASI VE EYILMESI","A"
"SUBINDCOD","24340","MEFTIL ISTEHSALI","A"
"SUBINDCOD","24410","NECIB (QIYMETLI) METALLARIN ISTEHSALI","A"
"SUBINDCOD","24420","ALUMINIUM ISTEHSALI","A"
"SUBINDCOD","24430","QURGUSUN, SINK VE QALAY ISTEHSALI","A"
"SUBINDCOD","24440","MIS ISTEHSALI","A"
"SUBINDCOD","24450","SAIR ELVAN METALLARIN ISTEHSALI","A"
"SUBINDCOD","24460","NUVE YANACAGININ EMALI","A"
"SUBINDCOD","24510","CUQUN TOKME","A"
"SUBINDCOD","24520","POLAD TOKME","A"
"SUBINDCOD","24530","YUNGUL METALLARIN TOKULMESI","A"
"SUBINDCOD","24540","SAIR ELVAN METALLARIN TOKULMESI","A"
"SUBINDCOD","25","Qeyri-yaşayış sahələrin tikintisi","A"
"SUBINDCOD","25110","METALDAN TIKINTI KONSTRUKSIYALARI VE ONLARIN HISSELERININ ISTEHSALI","A"
"SUBINDCOD","25120","METAL QAPI VE PENCERELERIN ISTEHSALI","A"
"SUBINDCOD","25210","MERKEZI ISTILIK RADIATORLARININ VE QAZANLARININ ISTEHSALI","A"
"SUBINDCOD","25290","METALDAN SAIR SISTERNLERIN, CENLERIN VE KONTEYNERLERIN ISTEHSALI","A"
"SUBINDCOD","25300","MERKEZI ISTILIK QAZANLARINDAN BASQA BUXAR QAZANLARININ ISTEHSALI","A"
"SUBINDCOD","25400","SILAH VE HERBI SURSAT ISTEHSALI","A"
"SUBINDCOD","25500","METALIN DOYULMESI, PRESLENMESI, STAMPLANMASI VE PROFILLENMESI, TOZ METALLURGIYASI","A"
"SUBINDCOD","25610","METALLARIN EMALI VE METALLARA ORTUK CEKILMESI","A"
"SUBINDCOD","25620","MASINQAYIRMANIN ESAS TEXNOLOJI PROSESLERI","A"
"SUBINDCOD","25710","BICAQ MEMULATLARININ ISTEHSALI","A"
"SUBINDCOD","25720","QIFIL VE HENCAMA ISTEHSALI","A"
"SUBINDCOD","25730","ALETLERIN ISTEHSALI","A"
"SUBINDCOD","25910","METAL CELLEKLERIN VE BUNA BENZER TUTUMLULARIN ISTEHSALI","A"
"SUBINDCOD","25920","YUNGUL METALLARDAN QABLASDIRMA MATERIALLARININ ISTEHSALI","A"
"SUBINDCOD","25930","MEFTIL MEMULATLARININ ISTEHSALI","A"
"SUBINDCOD","25940","BERKIDICI MEMULATLARIN, ZENCIRLERIN VE YAYLARIN ISTEHSALI","A"
"SUBINDCOD","25990","SAIR HAZIR METAL MEMULATLARININ ISTEHSALI","A"
"SUBINDCOD","26","Yol, körpü tikintisi","A"
"SUBINDCOD","26110","ELEKTRON DETALLARININ ISTEHSALI","A"
"SUBINDCOD","26120","ELEKTRON PLATALARININ ISTEHSALI","A"
"SUBINDCOD","26200","KOMPUTERLERIN VE PERIFERIYA QURGULARININ ISTEHSALI","A"
"SUBINDCOD","26301","ELEKTRO VE RADIOELEMENTLERIN ISTEHSALI","A"
"SUBINDCOD","26302","OTURUCU CIHAZLARIN ISTEHSALI","A"
"SUBINDCOD","26303","SESI VE TESVIRI QEBUL ETMEK, YAZMAQ VE GOSTERMEK UCUN CIHAZLARIN ISTEHSALI","A"
"SUBINDCOD","26304","EMELIY.AXTARI FEALIY.HEY KEC MUVEK EDILMEMIS HUQ/ FIZ  TER Q-LEQAL INFO.ALINM.UC TEXN.VASITE.ISLEN.ISTEH","A"
"SUBINDCOD","26400","MEISET ELEKTRON AVADANLIQLARININ ISTEHSALI","A"
"SUBINDCOD","26510","NEZARET-OLCU CIHAZLARININ ISTEHSALI","A"
"SUBINDCOD","26520","BUTUN NOVLERDEN OLAN SAATLARIN ISTEHSALI","A"
"SUBINDCOD","26600","SUALANDIRMA, ELEKTRIK TIBB VE ELEKTROTERAPIYA AVADANLIQLARI","A"
"SUBINDCOD","26700","OPTIK CIHAZLARIN VE FOTOAVADANLIQLARIN ISTEHSALI","A"
"SUBINDCOD","26800","MAQNIT VE OPTIK DASIYICILARIN ISTEHSALI","A"
"SUBINDCOD","27","Digər tikinti sahələri","A"
"SUBINDCOD","27111","ELEKTRIK MUHERRIKLERININ, GENERATORLARININ VE TRANSFORMATORLARIN ISTEHSALI","A"
"SUBINDCOD","27112","ELEKTRIK MUHERRIKLERININ, GENERATORLARININ VE TRANSFORMATORLARININ TEMIRI","A"
"SUBINDCOD","27120","ELEKTRIK PAYLAYICI VE TENZIMLEYICI CIHAZLARININ ISTEHSALI","A"
"SUBINDCOD","27200","BATAREYALARIN VE AKKUMULYATORLARIN ISTEHSALI","A"
"SUBINDCOD","27310","OPTIK LIFLERDEN KABEL ISTEHSALI","A"
"SUBINDCOD","27320","DIGER ELEKTRON VE ELEKTRIK NAQILLERININ VE KABELLERIN ISTEHSALI","A"
"SUBINDCOD","27330","ELEKTRIK SEBEKELERI UCUN CIHAZLARIN ISTEHSALI","A"
"SUBINDCOD","27400","ELEKTRIK LAMPALARI VE ISIQLANDIRICI AVADANLIQLARIN ISTEHSALI","A"
"SUBINDCOD","27511","ELEKTRIK MEISET CIHAZLARININ ISTEHSALI","A"
"SUBINDCOD","27512","ELEKTRIK QIZDIRICI MEISET CIHAZLARININ ISTEHSALI","A"
"SUBINDCOD","27520","QEYRI-ELEKTRIK MEISET CIHAZLARININ ISTEHSALI","A"
"SUBINDCOD","27900","SAIR ELEKTRIK AVADANLIQLARININ ISTEHSALI","A"
"SUBINDCOD","28","Quru yol nəqliyyatlarının fəaliyyəti","A"
"SUBINDCOD","28110","TEYYARE, AVTOMOBIL VE MOTOSIKLET MUHERRIKLERINDEN BASQA, MUHERRIKLERIN VE TURBINLERIN ISTEHSALI","A"
"SUBINDCOD","28120","HIDRAVLIK VE PNEVMATIK SISTEMLERIN ISTEHSALI","A"
"SUBINDCOD","28130","NASOS VE KOMPRESSORLARIN ISTEHSALI","A"
"SUBINDCOD","28140","KRAN VE KLAPANLARIN ISTEHSALI","A"
"SUBINDCOD","28150","OTURUCULERIN VE MEXANIKI OTURUCU ELEMENTLERIN, DISLI OTURUCULERIN VE YASTIQLARIN ISTEHSALI","A"
"SUBINDCOD","28210","SOBALAR VE SOBA ODLUQLARININ ISTEHSALI","A"
"SUBINDCOD","28220","QALDIRICI NEQLIYYAT AVADANLIGININ ISTEHSALI","A"
"SUBINDCOD","28230","KOMPUTER VE PEREFERIYA AVADANLIQLARINDAN BASQA OFIS AVADANLIQLARININ ISTEHSALI","A"
"SUBINDCOD","28240","MEXANIKI OTURUCULU CIHAZLARIN ISTEHSALI","A"
"SUBINDCOD","28250","QEYRI-MEISET SOYUDUCULARI VE VENTILYASIYA AVADANLIQLARININ ISTEHSALI","A"
"SUBINDCOD","28290","DIGER QRUPLARA DAXIL EDILMEYEN UMUMI TEYINATLI SAIR MASIN VE AVADANLIQLARIN ISTEHSALI","A"
"SUBINDCOD","28301","KEND VE MESE TESERRUFATI TRAKTORLARININ VE ONLARA HISSELERIN ISTEHSALI","A"
"SUBINDCOD","28302","KEND TESERRUFATI VE MESE TESERRUFATI TRAKTORLARININ TEMIRI DEZGAHLARIN ISTEHSALI","A"
"SUBINDCOD","28410","METALKESICI AVADANLIQLARIN ISTEHSALI - 3 sav","A"
"SUBINDCOD","28490","SAIR DEZGAHLARIN ISTEHSALI","A"
"SUBINDCOD","28911","METALLURGIYA UCUN MASIN VE AVADANLIQLARIN ISTEHSALI","A"
"SUBINDCOD","28912","METALLURGIYA UCUN MASIN VE AVADANLIQLARIN TEMIRI","A"
"SUBINDCOD","28920","DAG-MEDEN CIXARMA, NEFTCIXARMA SENAYESI, KARXANA ISLERI VE TIKINTI UCUN MASIN VE AVADANLIQLARIN ISTEHSAL","A"
"SUBINDCOD","28930","ICKI VE TUTUN MEMULATLARI,QIDA MEHSULLARININ HAZIRLANMASI UCUN MASIN VE AVADANLIQ ISTEHSALI","A"
"SUBINDCOD","28940","TOXUCULUQ, TIKIS, XEZ VE DERI MEMULATLARININ HAZIRLANMASI UCUN MASIN VE AVADANLIQLARIN ISTEHSALI","A"
"SUBINDCOD","28950","KAGIZ VE KARTONUN HAZIRLANMASI UCUN MASIN VE AVADANLIQLARIN ISTEHSALI","A"
"SUBINDCOD","28960","PLASTIK KUTLE VE REZININ EMALI UCUN MASIN VE AVADANLIQLARIN ISTEHSALI","A"
"SUBINDCOD","28991","DIGER QRUPLARA DAXIL EDILMEYEN XUSUSI TEYINATLI SAIR MASIN VE AVADANLIQLARIN ISTEHSALI","A"
"SUBINDCOD","28992","YANGINSONDURME LEVAZIMATININ, ILKIN YANGINSONDURME VASITL. TEMIRI VE ONLARA XIDMET,KEYFIYYETININ BERPASI","A"
"SUBINDCOD","29","Su nəqliyyatlarının fəaliyyəti","A"
"SUBINDCOD","29101","AVTOMOBILLERIN ISTEHSALI","A"
"SUBINDCOD","29102","YANGINSONDURME TEXNIKASI MEHSULUNUN ISTEHSALI VE ALINMASI, SINAQLARIN KECIRILMESI","A"
"SUBINDCOD","29103","AVTOMOBIL MUHERRIKLERININ ISTEHSALI","A"
"SUBINDCOD","29200","AVTOMOBILLER UCUN GOVDELERIN (KUZOVLARIN) ISTEHSALI, QOSQU VE YARIMQOSQULARIN ISTEHSALI","A"
"SUBINDCOD","29310","AVTOMOBILLER UCUN ELEKTRON VE ELEKTRIK AVADANLIQLARININ ISTEHSALI","A"
"SUBINDCOD","29320","AVTOMOBILLER UCUN DIGER HISSELERIN VE LEVAZIMATLARIN ISTEHSALI","A"
"SUBINDCOD","30","Hava nəqliyyatı fəaliyyəti","A"
"SUBINDCOD","30110","GEMILERIN VE UZEN QURGULARIN QAYIRILMASI","A"
"SUBINDCOD","30120","TURIST- IDMAN GEMILERININ QAYIRILMASI","A"
"SUBINDCOD","30200","DEMIR YOLU NEQLIYYATI VASITELERININ ISTEHSALI","A"
"SUBINDCOD","30300","KOSMIK APARATLAR DA DAXIL OLMAQLA UCAN APARATLARIN ISTEHSALI","A"
"SUBINDCOD","30400","HERBI AVTOMOBILLERIN ISTEHSALI","A"
"SUBINDCOD","30910","MOTOSIKLETLERIN ISTEHSALI","A"
"SUBINDCOD","30920","VELOSIPEDLERIN VE ELIL ARABALARININ, ONLARA HISSELERIN ISTEHSALI","A"
"SUBINDCOD","30990","DIGER QRUPLARA DAXIL EDILMEYEN SAIR NEQLIYYAT VASITELERI VE AVADANLIQLARININ ISTEHSALI","A"
"SUBINDCOD","31","Köməkçi və əlavə nəqliyyat fəaliyyəti","A"
"SUBINDCOD","31010","OFIS VE TICARET MUESSISELERI UCUN MEBELLERIN ISTEHSALI","A"
"SUBINDCOD","31020","METBEX MEBELLERININ ISTEHSALI","A"
"SUBINDCOD","31030","DOSEKLERIN ISTEHSALI","A"
"SUBINDCOD","31090","SAIR MEBELLERIN ISTEHSALI","A"
"SUBINDCOD","32","Nəqliyyat fəaliyyətinin digər sahələri","A"
"SUBINDCOD","32110","SIKKELERIN VE MEDALLARIN KESILMESI","A"
"SUBINDCOD","32120","ZERGERLIK MEMULATLARININ ISTEHSALI","A"
"SUBINDCOD","32130","AZQIYMETLI MATERIALLARDAN ZERGERLIK MEMULATININ ISTEHSALI (SUNI DAS-QASLARIN) ISTEHSALI","A"
"SUBINDCOD","32200","MUSIQI ALETLERININ ISTEHSALI","A"
"SUBINDCOD","32300","IDMAN MALLARININ ISTEHSALI","A"
"SUBINDCOD","32400","OYUN VE OYUNCAQLARIN ISTEHSALI","A"
"SUBINDCOD","32500","TIBBI VE STOMOTOLOGIYA PRAKTIKASINDA TETBIQ OLUNAN ALETLERIN ISTEHSALI","A"
"SUBINDCOD","32910","SUPURGE VE SOTKA ISTEHSALI","A"
"SUBINDCOD","32990","DIGER QRUPLARA DAXIL EDILMEYEN SAIR MEHSULLARIN ISTEHSALI","A"
"SUBINDCOD","33","İnformasiya və Rabitə","A"
"SUBINDCOD","33110","HAZIR METAL MEMULATLARININ TEMIRI","A"
"SUBINDCOD","33120","MASIN VE AVADANLIQLARIN TEMIRI","A"
"SUBINDCOD","33130","ELEKTRON VE OPTIK AVADANLIQLARIN TEMIRI","A"
"SUBINDCOD","33140","ELEKTRIK AVADANLIQLARININ TEMIRI","A"
"SUBINDCOD","33150","GEMILERIN TEMIRI VE ONLARA TEXNIKI XIDMET","A"
"SUBINDCOD","33160","KOSMIK APARATLAR DA DAXIL OLMAQLA UCUS APARATLARININ TEMIRI VE ONLARA TEXNIKI XIDMET","A"
"SUBINDCOD","33170","DIGER NEQLIYYAT VASITELERININ TEMIRI VE ONLARA TEXNIKI XIDMET","A"
"SUBINDCOD","33190","DIGER AVADANLIQLARIN TEMIRI","A"
"SUBINDCOD","33200","SENAYE MASIN VE AVADANLIQLARININ QURASDIRILMASI","A"
"SUBINDCOD","34","Tikinti materialları və santexnika malları üzrə ixtisaslaşan  ","A"
"SUBINDCOD","35","Avtomobil ticarəti üzrə ixtisaslaşan","A"
"SUBINDCOD","35110","ELEKTRIK ENERJISININ ISTEHSALI","A"
"SUBINDCOD","35120","ELEKTRIK ENERJISININ OTURULMESI","A"
"SUBINDCOD","35130","ELEKTRIK ENERJISININ BOLUSDURULMESI","A"
"SUBINDCOD","35140","ELEKTRIK ENERJISININ SATISI","A"
"SUBINDCOD","35210","QAZIN ISTEHSALI","A"
"SUBINDCOD","35220","QAZABENZER YANACAGIN QAZ TECHIZATI SEBEKELERI VASITESILE BOLUSDURULMESI","A"
"SUBINDCOD","35231","QAZABENZER YANACAGIN QAZ TECHIZATI SEBEKELERI VASITESILE SATISI","A"
"SUBINDCOD","35232","QAZ MEHSULLARININ SATISI","A"
"SUBINDCOD","35300","BUXAR VE KONDISIYALANMIS HAVA ILE TECHIZAT","A"
"SUBINDCOD","36","Elektrotexnika və məişət texnikası üzrə ixtisaslaşan","A"
"SUBINDCOD","36000","SUYUN YIGILMASI, TEMIZLENMESI VE PAYLANMASI .","A"
"SUBINDCOD","37","Yeyinti, geyim və gündəlik məişət malları üzrə ixtisaslaşan","A"
"SUBINDCOD","37000","CIRKLI SULARIN YIGILMASI VE EMALI","A"
"SUBINDCOD","38","Ticarət müəssisələrinə verilən digər kreditlər","A"
"SUBINDCOD","38110","TEHLUKESIZ TULLANTILARIN YIGILMASI","A"
"SUBINDCOD","38120","TEHLUKELI TULLANTILARIN YIGILMASI","A"
"SUBINDCOD","38210","TEHLUKESIZ TULLANTILARIN EMALI VE LEGV EDILMESI","A"
"SUBINDCOD","38220","TEHLUKELI TULLANTILARIN EMALI VE LEGV EDILMESI","A"
"SUBINDCOD","38310","SINIQ ESYALARIN SOKULMESI","A"
"SUBINDCOD","38320","CESIDLESDIRILMIS MATERIALLARDAN BASQA MEQSEDLE ISTIFADE EDILMESI (TEKRAR XAMMALIN ALINMASI)","A"
"SUBINDCOD","39","Digər qeyri-istehsal və xidmət sahələri ","A"
"SUBINDCOD","39001","DIGER TULLANTILARIN YIGILMASI VE MEHV EDILMESI","A"
"SUBINDCOD","39002","SANITAR, DERMAN VE OXSAR XIDMETLER","A"
"SUBINDCOD","39003","RADIOAKTIV VE IONIZE SUALARI VEREN MADDELERIN TULLANTILARININ SAXLANMASI VE BASDIRILMASI","A"
"SUBINDCOD","39004","TOKSIKI ISTEHSALAT TULLANTILARININ UTILIZASIYASI VE ZERERSIZLESDIRILMESI","A"
"SUBINDCOD","39005","ELVAN METAL,TERKIBINDE QIYMETLI METAL, DASL. OLAN SENAYE VE ISTEHSALAT TULLANTI.TEDARUKU, EMALI VE SATIS","A"
"SUBINDCOD","40","Mərkəzi və bələdiyyə idarəetmə orqanlarına","A"
"SUBINDCOD","41","İctimai təşkilatlara","A"
"SUBINDCOD","41100","TECRUBE-TIKINTI ISLERI","A"
"SUBINDCOD","41200","YASAYIS VE QEYRI-YASAYIS BINALARININ TIKINTISI","A"
"SUBINDCOD","41202","MENZIL TIKINTISI","A"
"SUBINDCOD","42","Mulku teyinatli insaat isleri","A"
"SUBINDCOD","42110","AVTOMOBIL YOLLARI, YOLLAR VE KUCELERIN SALINMASI","A"
"SUBINDCOD","42120","DEMIR YOLLARI VE YERALTI DEMIR YOLLARININ TIKINTISI","A"
"SUBINDCOD","42131","KORPU VE TUNELLERIN TIKINTISI","A"
"SUBINDCOD","42132","MAYE VE TEBII QAZ TESERRUFATI OBYEKTLERININ QURASDIRILMASI VE ISTISMARI","A"
"SUBINDCOD","42133","ENERGETIKA OBYEKTLERININ, AVADANLIQLARIN VE QURGULARIN QURASDIRILMASI, SAZLANMASI VE TEMIRI","A"
"SUBINDCOD","42134","YANGINDAN MUHAFIZE BINALARININ, QURGULARININ, OTAQLARININ TIKILMESI, YENIDEN QURULMASI VE TEMIRI","A"
"SUBINDCOD","42210","BORU KEMERLERININ TIKINTISI","A"
"SUBINDCOD","42220","RABITE VE ELEKTRIK XETLERININ CEKILMESI","A"
"SUBINDCOD","42910","SU QURGULARININ TIKINTISI","A"
"SUBINDCOD","42990","DIGER MULKU TIKINTILER","A"
"SUBINDCOD","43","ixtisaslasdirilmis tikinti isleri","A"
"SUBINDCOD","43111","BINALARIN SOKULMESI","A"
"SUBINDCOD","43112","DAG-MEDEN ISLERI, DAG VE BURUQ QAZMALARININ APARILMASI","A"
"SUBINDCOD","43120","TIKINTI SAHESININ HAZIRLANMASI","A"
"SUBINDCOD","43130","KESFIYYAT QAZINTISI","A"
"SUBINDCOD","43211","ELEKTRIK QURASDIRMA ISLERI","A"
"SUBINDCOD","43212","LIFT VE ESKALATORLARIN QURASDIRILMASI","A"
"SUBINDCOD","43213","YANGINDAN MUHAFIZE SISTEMLERININ VE VASITELERININ QURASDIRILMASI, TEXNIKI XIDMETI VE TEMIRI","A"
"SUBINDCOD","43221","SANITAR-TEXNIKI ISLERI, ISTILIK VE HAVANIN KONDISIYALANDIRILMASI SISTEMLERININ QURASDIRILMASI","A"
"SUBINDCOD","43222","AVTOMATIK YANGINSONDURME SISTEMLERI","A"
"SUBINDCOD","43290","SAIR MUHENDIS AVADANLIQLARININ QURASDIRILMASI","A"
"SUBINDCOD","43310","SUVAQ ISLERI","A"
"SUBINDCOD","43320","XARRATLIQ VE DULGERLIK ISLERI","A"
"SUBINDCOD","43330","DOSEME ORTUYUNUN QURULMASI VE DIVARA ORTUYUN CEKILMESI","A"
"SUBINDCOD","43340","RENGLEME VE SUSE SALMA ISLERI","A"
"SUBINDCOD","43390","SAIR BEZEK VE TAMAMLAYICI TIKINTI ISLERI","A"
"SUBINDCOD","43910","BINA VE TIKILILERIN ORTUKLERININ QURASDIRILMASI","A"
"SUBINDCOD","43990","DIGER QRUPLARA DAXIL EDILMEYEN IXTISASLASDIRILMIS TIKINTI ISLERI","A"
"SUBINDCOD","45","Topdan ve perakende ticaret; avtomobillerin ve motosikletlerin temiri","A"
"SUBINDCOD","45111","AVTOMOBILLERIN VE MINIK AVTOMOBIL VASITELERININ TOPDAN SATISI","A"
"SUBINDCOD","45112","AVTOMOBILLERIN VE MINIK AVTOMOBIL VASITELERININ PERAKENDE SATISI","A"
"SUBINDCOD","45190","SAIR AVTOMOBIL VASITELERININ SATISI","A"
"SUBINDCOD","45200","AVTOMOBILLERE TEXNIKI XIDMET GOSTERILMESI VE ONLARIN TEMIRI","A"
"SUBINDCOD","45310","AVTOMOBILLER UCUN HISSELERIN, QOVSAQLARIN VE LEVAZIMATLARIN TOPDAN SATISI","A"
"SUBINDCOD","45320","AVTOMOBILLER UCUN HISSELERIN, QOVSAQLARIN VE LEVAZIMATLARIN PERAKENDE SATISI","A"
"SUBINDCOD","45400","MOTOSIKLETLERIN,HISSE., QOVSAQ. VE LEVAZIMATLARININ SATISI,TEXNIKI XIDMET VE TEMIRI","A"
"SUBINDCOD","46","Topdan satis, avtomobil ve motosikletlerin satisindan basqa","A"
"SUBINDCOD","46110","KEND TESER. VE TOXUCULUQ  XAMMAL., DIRI HEYVAN VE YARIMFABRIKAT. TOPDAN SATISI UZRE AGENTLIK FEALIY.","A"
"SUBINDCOD","46120","YANACAQ, FILIZ, METAL VE KIMYEVI VASITELERIN TOPDAN SATISI UZRE AGENTLIK FEALIYYETI","A"
"SUBINDCOD","46130","AGAC VE TIKINTI MATERIALLARININ TOPDAN SATISI UZRE AGENTLIK FEALIYYETI","A"
"SUBINDCOD","46140","MASIN, SENAYE AVADANLIGI, GEMI VE UCAN APARATLARIN TOPDAN SATISI UZRE AGENTLIK FEALIYYETI","A"
"SUBINDCOD","46150","MEBEL, MEISET MALLARI, DEMIR MEMULATI VE SAIR METAL MEMULATLARINTOPDAN SATISI UZRE AGENTLIK FEALIYYETI","A"
"SUBINDCOD","46160","PARCA, GEYIM, AYAQQABI XEZ VE DERI MEMULATLARININ TOPDAN SATISI UZRE AGENTLIK FEALIYYETI","A"
"SUBINDCOD","46171","ICKI VE TUTUN MEMULATLARI DA DAXIL OLMAQLA ERZAQ MALLARININ TOPDAN SATISI UZRE AGENTLIK FEALIYYETI","A"
"SUBINDCOD","46172","ETIL (YEYINTI) SPIRTININ VE ALKOQOLLU ICKILERIN IDXALI","A"
"SUBINDCOD","46173","TUTUN MEMULATININ IDXALI","A"
"SUBINDCOD","46174","ETIL (YEYINTI) SPIRTININ VE ALKOQOLLU ICKILERIN TOPDAN SATISI","A"
"SUBINDCOD","46175","TUTUN MEMULATLARININ TOPDAN SATISI","A"
"SUBINDCOD","46180","AYRI-AYRI MEHSULLARIN VE YA MEHSUL QRUPLARININ TOPDAN SATISI UZRE IXTISASLASMIS AGENTLIK FEALIYYETI","A"
"SUBINDCOD","46190","GENIS CESIDLI MALLARIN TOPDAN SATISI UZRE AGENTLIK FEALIYYETI","A"
"SUBINDCOD","46210","TAXILIN, EMAL OLUNMAMIS TUTUNUN, TOXUMLARIN VE HEYVANLAR UCUN YEMIN TOPDAN SATISI","A"
"SUBINDCOD","46220","GULLERIN VE DIGER BITKILERIN TOPDAN SATISI","A"
"SUBINDCOD","46230","DIRI HEYVANLARIN TOPDAN SATISI","A"
"SUBINDCOD","46240","DERI VE GONUN TOPDAN SATISI","A"
"SUBINDCOD","46310","MEYVE VE TEREVEZIN TOPDAN SATISI","A"
"SUBINDCOD","46320","ET VE ET MEHSULLARININ TOPDAN SATISI","A"
"SUBINDCOD","46330","SUD MEHSULLARI, YUMURTA, YEYINTI YAGLARI VE PIYLERININ TOPDAN SATISI","A"
"SUBINDCOD","46340","ALKOQOLLU VE DIGER ICKILERIN TOPDAN SATISI","A"
"SUBINDCOD","46350","TUTUN MEMULATLARININ TOPDAN SATISI","A"
"SUBINDCOD","46360","SEKER, SOKOLAD VE QENNADI MEMULATLARININ TOPDAN SATISI","A"
"SUBINDCOD","46370","KOFE, CAY, KAKAO VE EDVIYYATIN TOPDAN SATISI","A"
"SUBINDCOD","46380","BALIQ, XERCENGKIMILER VE MOLYUCKALAR DA DAXIL OLMAQLA SAIR ERZAQ MEHSULLARININ TOPDAN SATISI","A"
"SUBINDCOD","46390","ICKI VE TUTUN MEMULATLARI DA DAXIL OLMAQLA YEYINTI MEHSULLARININ IXTISASLASDIRILMAMIS TOPDAN SATISI","A"
"SUBINDCOD","46410","TOXUCULUQ MALLARININ TOPDAN SATISI","A"
"SUBINDCOD","46420","GEYIM VE AYAQQABININ TOPDAN SATISI","A"
"SUBINDCOD","46430","ELEKTRIK-MEISET MALLARININ TOPDAN SATISI","A"
"SUBINDCOD","46440","CINI VE SUSE MEMULATLARIN, DIVAR KAGIZLARININ VE TEMIZLEYICI VASITELERIN TOPDAN SATISI","A"
"SUBINDCOD","46450","ETIRLERIN VE KOSMETIKA MALLARININ (SABUN DA DAXIL OLMAQLA) TOPDAN SATISI","A"
"SUBINDCOD","46460","ECZACILIQ MALLARININ TOPDAN SATISI","A"
"SUBINDCOD","46470","MEBEL, XALCA VE ISIQLANDIRICI AVADANLIQLARIN TOPDAN SATISI","A"
"SUBINDCOD","46480","SAATLARIN VE ZERGERLIK MEMULATLARININ TOPDAN SATISI","A"
"SUBINDCOD","46491","ISTEHLAK TEYINATLI SAIR QEYRI-ERZAQ MALLARININ TOPDAN SATISI","A"
"SUBINDCOD","46492","IXTISASLASDIRILMAMIS MAGAZ.DA QIYM.METAL,QIYM. DASL.DOVRIY(ZERGERLIK VE DIG.MEISET MEMULAT.TOPD. SATISI)","A"
"SUBINDCOD","46510","KOMPUTERLERIN, KOMPUTER PERIFERIYA AVADANLIQLARININ VE PROQRAM TEMINATININ TOPDAN SATISI","A"
"SUBINDCOD","46521","ELEKTRON VE TELEKOMMUNIKASIYA AVADANLIQLARININ VE ONLARIN HISSELERININ TOPDAN SATISI","A"
"SUBINDCOD","46522","EMELIY-AXTARIS FEALIY.UC. MUVEK. EDILMEMIS HUQ/ FIZ. TER Q-LEQAL YOL INFO ALINM UCUN TEXN.VASITEL.TOP/SAT","A"
"SUBINDCOD","46523","EMELIY-AXTARIS FEALIY UC MUVEK. EDILMEMIS HUQ/FIZ.Q-LEQAL YOL INFORM ALINM UC.TEXN. VASITEL. OLK. GETI.","A"
"SUBINDCOD","46610","KEND TESERRUFATI MASINLARININ VE AVADANLIQLARININ TOPDAN SATISI","A"
"SUBINDCOD","46620","DEZGAHLARIN TOPDAN SATISI","A"
"SUBINDCOD","46630","DAG-MEDEN VE TIKINTI, O CUMLEDEN MULKI TIKINTI UCUN MASIN VE AVADANLIQLARIN TOPDAN SATISI","A"
"SUBINDCOD","46640","TOXUCULUQ SENAYESI UCUN MASINLARIN, TIKIS VE TRIKOTAJ MASINLARININ TOPDAN SATISI","A"
"SUBINDCOD","46650","OFIS MEBELLERININ TOPDAN SATISI","A"
"SUBINDCOD","46660","OFIS MASINLARI VE AVADANLIQLARININ TOPDAN SATISI","A"
"SUBINDCOD","46690","SAIR MASIN AVADANLIQLARIN TOPDAN SATISI","A"
"SUBINDCOD","46711","YANACAGIN TOPDAN SATISI","A"
"SUBINDCOD","46712","NEFT MEHSULLARININ VE SEMT QAZININ TOPDAN SATISI","A"
"SUBINDCOD","46720","METAL VE METAL FILIZININ TOPDAN SATISI","A"
"SUBINDCOD","46730","MESE MATERIALLARININ, TIKINTI MATERIALLARININ VE SANITAR-TEXNIKI AVADANLIQLARIN TOPDAN SATISI","A"
"SUBINDCOD","46740","DEMIR MEMULATLARININ, SU KEMERI VE ISTILIK SEBEKESI AVADANLIQLARININ TOPDAN SATISI","A"
"SUBINDCOD","46750","KIMYEVI MEHSULLARIN TOPDAN SATISI","A"
"SUBINDCOD","46752","GUbrE vE aqrokImyEvI mEhsullar�n topdan sat�S�","A"
"SUBINDCOD","46760","SAIR ARALIQ MEHSULLARININ TOPDAN SATISI","A"
"SUBINDCOD","46770","TULLANTILARIN VE QIRINTILARIN TOPDAN SATISI","A"
"SUBINDCOD","46901","IXTISASLASDIRILMAMIS TOPDANSATIS","A"
"SUBINDCOD","46902","PREKURSORLARIN IDXALI, IXRACI, TRANZIT NEQL EDILMESI VE ISTEHSALI","A"
"SUBINDCOD","47","Perakende satis, avtomobil ve motosikletlerin satisindan basqa","A"
"SUBINDCOD","47111","ICKI VE TUTUN MEMULATLARI DA DAX. OLM. YEYINTI MEHSUL.IN IXTISASLASDIRILMAMIS MAGAZADA PERAKEND SATISI","A"
"SUBINDCOD","47112","ETIL (YEYINTI) SPIRTININ VE ALKOQOLLU ICKILERIN IXTISASLASDIRILMAMIS MAGAZALARDA PERAKENDE SATISI","A"
"SUBINDCOD","47113","TUTUN MEHSULLARININ IXTISASLASDIRILMAMIS MAGAZALARDA PERAKENDE SATISI","A"
"SUBINDCOD","47191","IXTISASLASDIRILMAMIS MAGAZALARDA SAIR MEHSULLARIN PERAKENDE SATISI","A"
"SUBINDCOD","47192","IXTISASLASDIRILMAMIS MAGAZ.DA QIYM.METAL.QIY.DASL.DOVRIY.(ONL.HAZIR.ZERG.DIG. MEISET MEMULAT. PERAK. SAT","A"
"SUBINDCOD","47210","IXTISASLASDIRILMIS MAGAZALARDA MEYVE VE TEREVEZLERIN PERAKENDE SATISI","A"
"SUBINDCOD","47220","IXTISASLASDIRILMIS MAGAZALARDA ET VE ET MEHSULLARININ PERAKENDE SATISI","A"
"SUBINDCOD","47230","IXTISASLASDIRILMIS MAGAZALARDA BALIGIN, XERCENGKIMILERIN VE MOLYUSKLARIN PERAKENDE SATISI","A"
"SUBINDCOD","47240","IXTISASLASDIRILMIS MAGAZALARDA COREK-BULKA MEMULATLARININ,UN VE QENNADI MEMULATLARININ PERAKENDE SATISI","A"
"SUBINDCOD","47250","IXTISASLASDIRILMIS MAGAZALARDA ALKOQOLLU VE DIGER ICKILERIN PERAKENDE SATISI","A"
"SUBINDCOD","47260","IXTISASLASDIRILMIS MAGAZALARDA TUTUN MEMULATLARININ PERAKENDE SATISI","A"
"SUBINDCOD","47290","IXTISASLASDIRILMIS MAGAZALARDA DIGER ERZAQ MEHSULLARININ PERAKENDE SATISI","A"
"SUBINDCOD","47301","IXTISASLASDIRILMIS MAGAZALARDA MOTOR YANACAGININ PERAKENDE SATISI","A"
"SUBINDCOD","47302","NEFT MEHSULLARININ PERAKENDE SATISI","A"
"SUBINDCOD","47411","IXTISASLASDIRILMIS MAGAZ.DA KOMP.IN, KOMP. PERIFERIYA AVADANL.PROQRAM TEMINAT. PERAK. SATISI","A"
"SUBINDCOD","47412","EMELIY.AXTAR. FEALIY.HEY.KEC.MUVEK EDILMEMIS HUQ/FIZ TER.Q-LEQAL YOL INFOR.ALINM.U TEXN.VASITE.PERAK.SAT","A"
"SUBINDCOD","47420","IXTISASLASDIRILMIS MAGAZALARDA TELEKOMUNIKASIYA AVADANLIQLARININ PERAKENDE SATISI","A"
"SUBINDCOD","47430","IXTISASLASDIRILMIS MAGAZALARDA AUDIO VE VIDEO AVADANLIQLARININ PERAKENDE SATISI","A"
"SUBINDCOD","47510","IXTISASLASDIRILMIS MAGAZALARDA TOXUCULUQ MEMULATLARININ PERAKENDE SATISI","A"
"SUBINDCOD","47520","IXTISASLASDIRILMIS MAGAZALARDA DEMIR MEMULATLARININ, LAK-BOYA MADDELERININ VE SUSENIN PERAKENDE SATISI","A"
"SUBINDCOD","47530","IXTISASLASDIRILMIS MAGAZALARDA XALCA, DIVAR VE DOSEME UCUN ORTUKLERIN PERAKENDE SATISI","A"
"SUBINDCOD","47541","IXTISASLASDIRILMIS MAGAZALARDA ELEKTRIK-MEISET MALLARININ PERAKENDE SATISI","A"
"SUBINDCOD","47542","IXTISASLASDIRILMIS MAGAZALARDA MOBIL TELEFONLARIN PERAKENDE SATISI VE TEMIRI","A"
"SUBINDCOD","47590","IXTISASLASDIRILMIS MAGAZ.DA MEBEL, ISIQLANDIRICI AVADANLIQ. DIGER MEISET CIHAZLARININ PERAK. SATISI","A"
"SUBINDCOD","47610","IXTISASLASDIRILMIS MAGAZALARDA KITABLARIN PERAKENDE SATISI","A"
"SUBINDCOD","47620","IXTISASLASDIRILMIS MAGAZALARDA QEZETLERIN VE DEFTERXANA LEVAZIMATLARININ PERAKENDE SATISI","A"
"SUBINDCOD","47630","IXTISASLASDIRILMIS MAGAZALARDA MUSIQI VE VIDEO YAZILARININ PERAKENDE SATISI","A"
"SUBINDCOD","47640","IXTISASLASDIRILMIS MAGAZALARDA IDMAN MALLARININ PERAKENDE SATISI","A"
"SUBINDCOD","47650","IXTISASLASDIRILMIS MAGAZALARDA OYUN VE OYUNCAQLARIN PERAKENDE SATISI","A"
"SUBINDCOD","47711","IXTISASLASDIRILMIS MAGAZALARDA GEYIMLERIN PERAKENDE SATISI","A"
"SUBINDCOD","47712","IXTISASLASDIRILMIS MAGAZALARDA TRIKOTAJ VE CORAB MEMULATLARININ PERAKENDE SATISI","A"
"SUBINDCOD","47720","IXTISASLASDIRILMIS MAGAZALARDA AYAQQABI VE DERI MEMULATLARININ PERAKENDE SATISI","A"
"SUBINDCOD","47730","IXTISASLASDIRILMIS MAGAZALARDA EZCACILIQ MALLARININ PERAKENDE SATISI","A"
"SUBINDCOD","47740","IXTISASLASDIRILMIS MAGAZALARDA TIBB VE ORTOPEDIYA MALLARININ PERAKENDE SATISI","A"
"SUBINDCOD","47750","IXTISASLASDIRILMIS MAGAZALARDA KOSMETIKA VE ETRIYYAT MALLARININ PERAKENDE SATISI","A"
"SUBINDCOD","47760","IXTISASLASDIRILMIS MAGAZ.DA GULVE DIG BITKI, TOXUML, GUBRE, EV HEYVAN. VE EV HEYVAN. UC YEML PERAK SATIS","A"
"SUBINDCOD","47770","IXTISASLASDIRILMIS MAGAZALARDA SAATLARIN VE ZERGERLIK MEMULATLARININ PERAKENDE SATISI","A"
"SUBINDCOD","47780","IXTISASLASDIRILMIS MAGAZALARDA SAIR YENI MALLARIN PERAKENDE SATISI","A"
"SUBINDCOD","47790","IXTISASLASDIRILMIS MAGAZALARDA KOHNE MALLARIN PERAKENDE SATISI","A"
"SUBINDCOD","47810","ICKI VE TUTUN MEMULATLARI DA DAXIL OLMAQLA CADIRLARDA VE BAZARLARDA ERZAQ MEHSULLARININ PERAKENDE SATISI","A"
"SUBINDCOD","47820","CADIRLARDA VE BAZARLARDA TOXUCULUQ MEMULATLARININ, GEYIMLERIN VE AYAQQABILARIN PERAKENDE SATISI","A"
"SUBINDCOD","47890","CADIRLARDA VE BAZARLARDA SAIR MALLARIN PERAKENDE SATIS","A"
"SUBINDCOD","47910","POCT VE YA INTERNET ILE SIFARISLERI YERINE YETIREN FIRMALAR VASITESILE PERAKENDE SATIS","A"
"SUBINDCOD","47990","MAGAZA, CADIR VE BAZARLARDAN KENARDA SAIR PERAKENDE SATIS","A"
"SUBINDCOD","49","Yerustu ve boru kemeri neqliyyatlarinin fealiyyeti","A"
"SUBINDCOD","49100","SEHERLERARASI DEMIR YOLU XETTI ILE SERNISIN DASINMASI","A"
"SUBINDCOD","49201","DEMIR YOLU VASITESI ILE YUK DASINMASI","A"
"SUBINDCOD","49202","TEHLUKELI YUKLERIN DEMIR YOLU VASITESI ILE DASINMASI","A"
"SUBINDCOD","49310","SEHER VE SEHERETRAFI SERNISIN QURUYOL NEQLIYYATI FEALIYYETI","A"
"SUBINDCOD","49320","TAKSI FEALIYYETI","A"
"SUBINDCOD","49391","DIGER QRUPLARA DAXIL EDILMEYEN SAIR QURU YOL SERNISIN NEQLIYYATININ FEALIYYETI","A"
"SUBINDCOD","49392","AVTOMOBIL NEQLIYYATI ILE BEYNELXALQ SERNISIN DASINMASI","A"
"SUBINDCOD","49411","YUK AVTOMOBIL NEQLIYYATLARININ FEALIYYETI","A"
"SUBINDCOD","49412","TEHLUKELI YUKLERIN YUK AVTOMOBIL NEQLIYYATI VASITESILE DASINMASI","A"
"SUBINDCOD","49413","AVTOMOBIL NEQLIYYATI ILE BEYNELXALQ YUK DASINMASI","A"
"SUBINDCOD","49420","YERDEYISME ILE ELAQEDAR XIDMETLERIN GOSTERILMESI","A"
"SUBINDCOD","49501","BORU KEMERI VASITESILE QAZSEKILLI MATERIALLARIN NEQLI","A"
"SUBINDCOD","49502","BORU KEMERI VASITESILE MAYESEKILLI MATERIALLARIN DASINMASI","A"
"SUBINDCOD","49503","TEHLUKELI YUKLERIN BORU KEMERI VASITESILE DASINMASI","A"
"SUBINDCOD","50","Su neqliyyatinin fealiyyeti","A"
"SUBINDCOD","50101","DENIZ NEQLIYYATI VASITESILE SERNISIN DASINMASI","A"
"SUBINDCOD","50102","EKSKURSIYA, GEZINTI VE TURIST GEMILERININ XIDMETLERI","A"
"SUBINDCOD","50201","DENIZ NEQLIYYATI VASITESILE YUKLERIN DASINMASI","A"
"SUBINDCOD","50202","TEHLUKELI YUKLERIN DENIZ NEQLIYYATI VASITESILE DASINMASI","A"
"SUBINDCOD","50300","DAXILI SU NEQLIYYATI VASITESI ILE (CAYLARDA) SERNISIN DASINMASI","A"
"SUBINDCOD","50401","CAY NEQLIYYATI VASITESILE YUKLERIN DASINMASI","A"
"SUBINDCOD","50402","TEHLUKELI YUKLERIN CAY NEQLIYYATI VASITESILE DASINMASI","A"
"SUBINDCOD","51","Hava neqliyyatinin fealiyyeti","A"
"SUBINDCOD","51100","HAVA NEQLIYYATI VASITESILE SERNISINLERIN DASINMASI","A"
"SUBINDCOD","51211","HAVA NEQLIYYATI VASITESILE YUKLERIN DASINMASI","A"
"SUBINDCOD","51212","HAVA NEQLIYYATI VASITESILE TEHLUKELI YUKLERIN DASINMASI","A"
"SUBINDCOD","51221","KOSMIK NEQLIYYATIN FEALIYYETI","A"
"SUBINDCOD","51222","TEHLUKELI YUKLERIN KOSMIK NEQLIYYATI VASITESILE DASINMASI","A"
"SUBINDCOD","52","Anbar teserrufati ve yardimci neqliyyat fealiyyeti","A"
"SUBINDCOD","52101","SAXLAMA VE ANBARLARA YIGMA","A"
"SUBINDCOD","52102","GOMRUK ANBARLARININ, MUVEQQETI SAXLANC ANBARLARININ, SERBEST ANBARLARIN TESIS EDILMESI","A"
"SUBINDCOD","52210","YERUSTU NEQLIYYATLARIN YARDIMCI FEALIYYETI","A"
"SUBINDCOD","52220","SU NEQLIYYATLARININ YARDIMCI FEALIYYETI","A"
"SUBINDCOD","52230","HAVA NEQLIYYATININ YARDIMCI FEALIYYETI","A"
"SUBINDCOD","52240","YUKLERIN NEQLIYYAT EMALI","A"
"SUBINDCOD","52290","SAIR YARDIMCI NEQLIYYAT FEALIYYETI","A"
"SUBINDCOD","52292","GOMRUK BROKERI, GOMRUK DASIYICISI, GOMRUK ERAZIS. MAL.EMALI VE GOMRUK ERAZISINDEN KENARDA MALLARIN EMALI","A"
"SUBINDCOD","53","Poct ve kuryer fealiyyeti","A"
"SUBINDCOD","53101","POCT FEALIYYETI","A"
"SUBINDCOD","53102","SURETLI POCT XIDMETI","A"
"SUBINDCOD","53200","SAIR POCT VE KURYER FEALIYYETI","A"
"SUBINDCOD","55","Yasayis ucun yerler terefinden xidmetlerin gosterilmesi","A"
"SUBINDCOD","55100","MEHMANXANALAR VE OXSAR YERLER TEREFINDEN XIDMETLERIN GOSTERILMESI","A"
"SUBINDCOD","55200","KICIK YAYLAQ EVLERI VE QISA MUDDET QALMAQ UCUN SAIR YERLER TEREFINDEN XIDMETLERIN GOSTERILMESI","A"
"SUBINDCOD","55300","KEMPINQ, AVTO-QOSQU EVLER VE AVTO-QOSQU EVLER DAYANACAQLARI TEREFINDEN XIDMETLERIN GOSTERILMESI","A"
"SUBINDCOD","55900","YASAYIS UCUN SAIR YERLER TEREFINDEN XIDMETLERIN GOSTERILMESI","A"
"SUBINDCOD","56","Icki ve yemeklerin satisi ile elaqedar xidmetlerin gosterilmesi","A"
"SUBINDCOD","56100","RESTORANLAR TEREFINDEN XIDMETLERIN GOSTERILMESI VE YEMEKLERIN CATDIRILMASI UZRE XIDMETLER","A"
"SUBINDCOD","56102","SADLIQ EVLERININ XIDMETLERI","A"
"SUBINDCOD","56103","CAYXANALAR TEREFINDEN XIDMETLERIN GOSTERILMESI","A"
"SUBINDCOD","56210","HAZIR YEMEKLERIN GONDERILMESI","A"
"SUBINDCOD","56290","YEMEKLERIN SATISI ILE ELAQEDAR SAIR XIDMETLERIN GOSTERILMESI","A"
"SUBINDCOD","56292","YEMEKXANALAR TEREFINDEN XIDMETLERIN GOSTERILMESI","A"
"SUBINDCOD","56300","ICKILERIN SATISI ILE ELAQEDAR (BARLAR TEREFINDEN) XIDMETLERIN GOSTERILMESI","A"
"SUBINDCOD","58","Nesriyyat fealiyyeti","A"
"SUBINDCOD","58110","KITAB NESRI","A"
"SUBINDCOD","58120","MELUMAT KITABLARININ VE UNVAN SIYAHILARININ NESRI","A"
"SUBINDCOD","58130","QEZET NESRI","A"
"SUBINDCOD","58140","JURNAL VE DOVRI NESRLERIN DERC EDILMESI","A"
"SUBINDCOD","58190","SAIR NESRIYYAT FEALIYYETI","A"
"SUBINDCOD","58210","KOMPUTER OYUNLARININ NESRI","A"
"SUBINDCOD","58290","SAIR PROQRAM TEMINATININ NESRI","A"
"SUBINDCOD","59","Kinofilmlerin, video ve televiziya proqram istehsali,sesyazma ve musiqi nesirleri ile elaqedar fealiyyet","A"
"SUBINDCOD","59110","KINOFILMLERIN, VIDEO VE TELEVIZIYA PROQRAMLARININ ISTEHSALI ILE ELAQEDAR FEALIYYET","A"
"SUBINDCOD","59120","KINOFILMLERIN, VIDEO VE TELEVIZIYA PROQRAMLARININ HAZIRLANMASINDAN SONRA FEALIYYET (YIGILMASI)","A"
"SUBINDCOD","59130","KINOFILMLERIN, VIDEO VE TELEVIZIYA PROQRAMLARININ YAYIMI ILE ELAQEDAR FEALIYYET","A"
"SUBINDCOD","59140","KINOFILMLERIN NUMAYISI ILE ELAQEDAR FEALIYYET","A"
"SUBINDCOD","59200","SESYAZMA VE MUSIQI NESRLERI ILE ELAQEDAR FEALIYYET","A"
"SUBINDCOD","60","Proqramlarin tertib edilmesi, radio ve televerilislerin translyasiya edilmesi ile elaqedar fealiyyet","A"
"SUBINDCOD","60100","RADIOVERILISLERIN TRANSLYASIYA EDILMESI","A"
"SUBINDCOD","60200","TELEVIZIYA PROQRAMLARININ TERTIB EDILMESI VE TELEVERILISLERIN TRANSLYASIYA EDILMESI","A"
"SUBINDCOD","61","Rabite","A"
"SUBINDCOD","61101","SIMLI TELEKOMMUNIKASIYA FEALIYYETI","A"
"SUBINDCOD","61102","TELEFON RABITESI","A"
"SUBINDCOD","61103","TELEQRAF RABITESI","A"
"SUBINDCOD","61104","TELEKS","A"
"SUBINDCOD","61201","SIMSIZ TELEKOMMUNIKASIYA FEALIYYETI","A"
"SUBINDCOD","61202","MOBIL TELEFON RABITESI XIDMETLERININ GOSTERILMESI","A"
"SUBINDCOD","61300","PEYK RABITESI XIDMETLERININ GOSTERILMESI","A"
"SUBINDCOD","61900","SAIR TELEKOMMUNIKASIYA FEALIYYETI","A"
"SUBINDCOD","61902","INTERNET RABITESI","A"
"SUBINDCOD","62","Proqram teminatinin islenmesi, bu sahede meslehetler ve bununla elaqedar fealiyyet","A"
"SUBINDCOD","62010","PROQRAM TEMINATININ ISLENMESI","A"
"SUBINDCOD","62021","HESABLAMA TEXNIKASI VASITELERI UZRE MESLEHETLER","A"
"SUBINDCOD","62022","SAIR MESLEHETLER VE PROQRAM TEMINATININ GONDERILMESI","A"
"SUBINDCOD","62023","INFORMASIYA MUHAFIZE VASITELERININ LAYIHELENDIRILMESI VE ISTEHSALI SAHESINDE FEALIYYET","A"
"SUBINDCOD","62030","HESABLAMA SISTEMLERININ IDARE EDILMESI","A"
"SUBINDCOD","62090","MELUMAT TEXNOLOGIYALARI VE HESABLAMA TEXNIKASI SAHESINDE SAIR FEALIYYET","A"
"SUBINDCOD","63","Informasiya xidmetleri fealiyyeti","A"
"SUBINDCOD","63110","MELUMATLARIN ISLENMESI VE BUNUNLA BAGLI FEALIYYET","A"
"SUBINDCOD","63120","WEB SEHIFELERINDEN (INTERNET PORTALLARINDAN) ISTIFADE","A"
"SUBINDCOD","63910","MELUMAT AGENTLIKLERININ FEALIYYETI","A"
"SUBINDCOD","63991","DIGER QRUPLARA DAXIL EDILMEYEN SAIR INFORMASIYA XIDMETLERI","A"
"SUBINDCOD","63992","SEBEKELERE TEXNIKI XIDMET GOSTERILMESI","A"
"SUBINDCOD","64","Maliyye fealiyyeti (sigorta ve pensiya teminati uzre xidmetlerden basqa)","A"
"SUBINDCOD","64110","MERKEZI BANKIN FEALIYYETI","A"
"SUBINDCOD","64190","DIGER PUL VASITECILIYI","A"
"SUBINDCOD","64200","HOLDINQ KOMPANIYALARININ FEALIYYETI","A"
"SUBINDCOD","64300","TRAST-KOMPANIYALARININ, INVESTISIYA FONDLARININ VE OXSAR MALIYYE TESKILATLARININ FEALIYYETI","A"
"SUBINDCOD","64910","MALIYYE LIZINQI","A"
"SUBINDCOD","64920","KREDITIN VERILMESI","A"
"SUBINDCOD","64922","LOMBARDLARIN FEALIYYETI","A"
"SUBINDCOD","64991","QIYM.KAGIZ.BAZ.PROFES.ISTIRAKC.FEALI(BROKER, DILER,QIYM KAGIZ.ID EDILM,QARS. OHD.MUEY EDILM.DEPOZITAR)","A"
"SUBINDCOD","64992","DIGER QRUPLARA DAXIL EDILMEYEN SAIR MALIYYE VASITECILIYI","A"
"SUBINDCOD","65","Sigorta, tekrar sigorta ve pensiya teminati","A"
"SUBINDCOD","65110","HEYATIN SIGORTASI","A"
"SUBINDCOD","65120","SIGORTANIN SAIR NOVLERI (HEYATIN SIGORTALANMASINDAN BASQA)","A"
"SUBINDCOD","65200","TEKRAR SIGORTALAR","A"
"SUBINDCOD","65300","PENSIYA TEMINATI","A"
"SUBINDCOD","66","Maliyye xidmetleri ve sigorta sahesinde yardimci fealiyyet","A"
"SUBINDCOD","66110","MALIYYE BAZARLARININ IDARE EDILMESI","A"
"SUBINDCOD","66121","FOND BAZARI VE BIRJA EMELIYYATLARI","A"
"SUBINDCOD","66122","EMTEE BIRJASININ FEALIYYETI","A"
"SUBINDCOD","66190","MALIYYE XIDMETLERI SAHESINDE SAIR YARDIMCI FEALIYYET","A"
"SUBINDCOD","66210","RISK VE ZERERIN QIYMETLENDIRILMESI","A"
"SUBINDCOD","66220","SIGORTA AGENTLERININ VE MAKLERLERIN FEALIYYETI","A"
"SUBINDCOD","66291","SIGORTA VE PENSIYA TEMINATI SAHESINDE SAIR YARDIMCI FEALIYYET","A"
"SUBINDCOD","66292","QEYRI-DOVLET PENSIYA FONDLARININ FEALIYYETI","A"
"SUBINDCOD","66300","FONDLARIN IDARE EDILMESI","A"
"SUBINDCOD","67","Banklar, Maliyyə vasitəçiliyi və sığorta sahəsində yardımçı fəaliyyət","I"
"SUBINDCOD","68","Dasinmaz emlakla elaqedar emeliyyatlar","A"
"SUBINDCOD","68100","SEXSI DASINMAZ EMLAKIN ALINMASI VE SATILMASI","A"
"SUBINDCOD","68200","SEXSI DASINMAZ EMLAKIN ISTISMARA VE KIRAYEYE VERILMESI","A"
"SUBINDCOD","68310","DASINMAZ EMLAKLA APARILAN EMELIYYATLAR UZRE AGENTLIKLERIN FEALIYYETI","A"
"SUBINDCOD","68320","DASINMAZ EMLAKIN IDARE EDILMESI","A"
"SUBINDCOD","69","Huquq ve muhasibat ucotu sahesinde fealiyyet","A"
"SUBINDCOD","69100","HUQUQ SAHESINDE FEALIYYET","A"
"SUBINDCOD","69102","XUSUSI NOTARIUSLARIN FEALIYYETI","A"
"SUBINDCOD","69103","VEKILLIK FEALIYYETI","A"
"SUBINDCOD","69201","MUHASIBAT UCOTU VE VERGILER UZRE MESLEHETLER","A"
"SUBINDCOD","69202","AUDITOR FEALIYYETI","A"
"SUBINDCOD","70","Merkezi ofislerin fealiyyeti ve idareetme sahesinde fealiyyet","A"
"SUBINDCOD","70100","MERKEZI OFISLERIN FEALIYYETI","A"
"SUBINDCOD","70210","ICTIMAI ELAQELERIN SAXLANILMASI VE MELUMAT MUBADILESI","A"
"SUBINDCOD","70220","KOMMERSIYA FEALIYYETI VE IDAREETME MESELELERI UZRE SAIR MESLEHETLER","A"
"SUBINDCOD","71","Memarliq, muhendis axtarislari; texniki meslehetler verilmesi sahesinde fealiyyet","A"
"SUBINDCOD","71111","MEMARLIQ SAHESINDE FEALIYYET","A"
"SUBINDCOD","71112","LAYIHE ISLERI","A"
"SUBINDCOD","71113","GEOLOJI-KESFIYYAT VE GEODEZIYA AXTARIS ISLERI","A"
"SUBINDCOD","71114","KARTOQRAFIYA FEALIYYETI","A"
"SUBINDCOD","71115","I VE II MESULIYYET SEVIY. BINA VE TIKILI. DOVLET STAND. UYGUN OLARAQ LAYIHELEND. VE MUHENDIS AXTARIS","A"
"SUBINDCOD","71120","MUHENDIS AXTARISLARI VE BU SAHEDE TEXNIKI MESLEHETLERIN VERILMESI","A"
"SUBINDCOD","71201","TEXNIKI SINAQ VE NEZARET","A"
"SUBINDCOD","71202","TEHLUKE POTENS OBYEK ISTISMAR OLUNAN AVADANL VE TEXN QURGU DIAQNOSTIKASI VE DIGER TEXNIK YOXLAMA KECIR","A"
"SUBINDCOD","72","Elmi tedqiqatlar ve islemeler","A"
"SUBINDCOD","72110","BIOTEXNOLOGIYA SAHESINDE TEDQIQATLAR VE ISLEMELER","A"
"SUBINDCOD","72190","TEBII VE TEXNIKI ELMLER SAHESINDE SAIR TEDQIQATLAR VE ISLEMELER (BIOTEXNOLOGIYADAN BASQA)","A"
"SUBINDCOD","72200","ICTIMAI VE HUMANITAR ELMLER SAHESINDE TEDQIQAT LAR VE ISLEMELER","A"
"SUBINDCOD","73","Reklam fealiyyeti ve bazarin oyrenilmesi","A"
"SUBINDCOD","73110","REKLAM AGENLIKLERININ FEALIYYETI","A"
"SUBINDCOD","73120","KUTLEVI INFORMASIYA VASITELERININ REKLAM XIDMETI GOSTERILMESI UZRE FEALIYYETI","A"
"SUBINDCOD","73200","BAZAR KONYUNKTURASININ TEDQIQI VE ICTIMAI REYIN OYRENILMESI","A"
"SUBINDCOD","74","Diger pesekar, elmi ve texniki fealiyyet","A"
"SUBINDCOD","74100","IXTISASLASDIRILMIS DIZAYN FEALIYYETI","A"
"SUBINDCOD","74200","FOTOQRAFIYA SAHESINDE FEALIYYET","A"
"SUBINDCOD","74299","FERDI FOTO, AUDIO-VIDEO XIDMETLERI (FOTO-STUDIYALAR ISTISNA OLMAQLA) SAHESINDE","A"
"SUBINDCOD","74300","TERCUME UZRE XIDMETLER (YAZILI VE SIFAHI)","A"
"SUBINDCOD","74900","DIGER QRUPLARA DAXIL EDILMEYEN SAIR PESEKAR, ELMI VE TEXNIKI FEALIYYET","A"
"SUBINDCOD","75","Baytarliq fealiyyeti","A"
"SUBINDCOD","75000","BAYTARLIQ FEALIYYETI","A"
"SUBINDCOD","77","Kiraye ve lizinq fealiyyeti","A"
"SUBINDCOD","77110","MINIK AVTOMOBILLERININ ICARESI VE LIZINQI","A"
"SUBINDCOD","77120","YUK AVTOMOBILLERININ ICARESI VE LIZINQI","A"
"SUBINDCOD","77210","IDMAN VE ISTIRAHET UCUN NEZERDE TUTULMUS MALLARIN ICARESI","A"
"SUBINDCOD","77220","VIDEOLENTLERIN VE DISKLERIN KIRAYESI","A"
"SUBINDCOD","77290","SAIR MEISET MEMULATLARININ VE SEXSI ISTIFADE ESYALARININ KIRAYESI","A"
"SUBINDCOD","77310","KEND TESERRUFATI AVADANLIQLARININ KIRAYESI","A"
"SUBINDCOD","77320","TIKINTI MASIN VE AVADANLIQLARININ KIRAYESI","A"
"SUBINDCOD","77330","HESABLAMA TEXNIKASINI DAXIL ETMEKLE OFIS AVADANLIQLARININ KIRAYESI","A"
"SUBINDCOD","77340","SU NEQLIYYATI VASITELERI VE AVADANLIQLARININ KIRAYESI","A"
"SUBINDCOD","77350","HAVA NEQLIYYATI VASITELERI VE AVADANLIQLARININ KIRAYESI","A"
"SUBINDCOD","77390","DIGER QRUPLARA DAXIL EDILMEYEN SAIR MASIN VE AVADANLIQLARIN ICARESI","A"
"SUBINDCOD","77400","MUELLIFLIK HUQ ILE MUDAFIE OLUNAN ESERL BASQA INTELEKTUAL MULKIY VE OXSAR MEHSULLARIN ICARESI","A"
"SUBINDCOD","78","Mesgulluq sahesinde fealiyyet","A"
"SUBINDCOD","78100","ISE DUZELTME AGENTLIKLERIN FEALIYYETI","A"
"SUBINDCOD","78102","AZERBAYCAN RESPUBLIKASI VETENDASLARININ XARICI OLKELERDE ISE DUZELMELERINDE VASITECILIK FEALIYYETI","A"
"SUBINDCOD","78200","MUVEQQETI ISCI QUVVESI ILE TEMINAT UZRE FEALIYYET","A"
"SUBINDCOD","78300","SAIR EMEK EHTIYATLARININ TEQDIM EDILMESI UZRE FEALIYYET","A"
"SUBINDCOD","79","Seyahet agentliklerinin ve turoperator evvelceden sifaris etme xidmeti ve bununla elaqedar fealiyyet","A"
"SUBINDCOD","79110","SEYAHET AGENTLIKLERININ FEALIYYETI","A"
"SUBINDCOD","79120","TUROPERATORLARIN FEALIYYETI","A"
"SUBINDCOD","79900","TURIZM SAHESINDE EVVELCEDEN SIFARISETME XIDMETLERI VE BUNUNLA ELAQEDAR FEALIYYET","A"
"SUBINDCOD","80","Istintaqin aparilmasi ve tehlukesizliyin teminati","A"
"SUBINDCOD","80100","SEXSI MUHAFIZECILERIN VE SEXSI MUHAFIZE BUROLARININ FEALIYYETI","A"
"SUBINDCOD","80200","TEHLUKESIZLIK SISTEMLERININ FEALIYYETININ TEMIN EDILMESI","A"
"SUBINDCOD","80201","MUHAFIZE ITLERININ OYREDILMESI","A"
"SUBINDCOD","80300","ISTINTAQIN APARILMASI","A"
"SUBINDCOD","81","Binalar ve menzerelerin deyisdirilmesi uzre xidmetlerin gosterilmesi","A"
"SUBINDCOD","81100","YARDIMCI-TEXNIKI XIDMETLERIN FEALIYYETI","A"
"SUBINDCOD","81210","BINALARIN ESASLI TEMIZLENMESI VE YIGISDIRILMASI","A"
"SUBINDCOD","81220","SAIR ISTEHSAL VE YASAYIS BINALARININ TEMIZLENMESI VE YIGISDIRILMASI","A"
"SUBINDCOD","81290","TEMIZLIK ISLERI UZRE SAIR FEALIYYET","A"
"SUBINDCOD","81300","MENZERELERIN DEYISDIRILMESI UZRE XIDMETLERIN GOSTERILMESI","A"
"SUBINDCOD","82","Biznesin muhafizesine yoneldilmis inzibati ve sair elave fealiyyet","A"
"SUBINDCOD","82110","MUESSISELERIN, TESKILATLARIN INZIBATI XIDMETLERININ KOMPLEKS FEALIYYETI","A"
"SUBINDCOD","82190","FOTOSURET, SENEDLERIN HAZIRLANMASI VE SAIR XUSUSI INZIBATI XIDMETLERIN GOSTERILMESI","A"
"SUBINDCOD","82200","TELEFON MELUMAT MERKEZLERININ FEALIYYETI","A"
"SUBINDCOD","82300","KONQRESSLERIN VE PESEKAR SALONLARIN TESKILI","A"
"SUBINDCOD","82910","ODENISLERIN YIGILMASI VE KREDIT EMELIYYATLARI HAQQINDA HESABATLAR UZRE AGENTLIKLERININ FEALIYYETI","A"
"SUBINDCOD","82920","QABLASDIRMA","A"
"SUBINDCOD","82990","DIGER QRUPLARA DAXIL EDILMEYEN BIZNESIN DESTEKLENMESINE YONELDILMIS SAIR ELAVE FEALIYYET","A"
"SUBINDCOD","84","Dovlet idareetmesi ve mudafie; icbari sosial teminat","A"
"SUBINDCOD","84111","UMUMI XARAKTERLI DOVLET IDAREETMESI","A"
"SUBINDCOD","84112","YERLI OZUNUIDAREETME ORQANLARININ FEALIYYETI","A"
"SUBINDCOD","84120","SOSIAL PROQRAMLARIN IDARE EDILMESI","A"
"SUBINDCOD","84130","IQTISADI FEALIYYETIN SEMERELI APARILMASINA YARDIM VE ONUN TENZIMLENMESI","A"
"SUBINDCOD","84210","BEYNELXALQ FEALIYYET","A"
"SUBINDCOD","84220","MUDAFIE FEALIYYETI","A"
"SUBINDCOD","84230","EDLIYYE VE EDALET MEHKEMESI SAHESINDE FEALIYYET","A"
"SUBINDCOD","84240","ICTIMAI QAYDALARIN VE TEHLUKESIZLIYIN TEMIN EDILMESI UZRE FEALIYYET","A"
"SUBINDCOD","84251","FOVQELADE HALLAR ZAMANI TEHLUKESIZLIYIN TEMIN EDILMESI UZRE FEALIYYET","A"
"SUBINDCOD","84252","MUESSISELERIN VE YASAYIS MENTEQELERININ MUQAVILE ESASINDA YANGINLARDAN QORUNMASI","A"
"SUBINDCOD","84300","MECBURI SOSIAL SIGORTA SAHESINDE FEALIYYET","A"
"SUBINDCOD","85","Tehsil","A"
"SUBINDCOD","85100","MEKTEBEQEDER TEHSIL","A"
"SUBINDCOD","85200","IBTIDAI TEHSIL (BIRINCI DERECELI)","A"
"SUBINDCOD","85311","UMUMI ORTA TEHSIL (IKINCI DERECELI)","A"
"SUBINDCOD","85312","HAZIRLIQ KURSLARININ FEALIYYETI","A"
"SUBINDCOD","85320","ORTA TEXNIKI VE PESE TEHSILI","A"
"SUBINDCOD","85410","NATAMAM ALI TEHSIL","A"
"SUBINDCOD","85420","ALI TEHSIL","A"
"SUBINDCOD","85510","BEDEN TERBIYYESI VE IDMAN SAHESINDE TEHSIL FEALIYYETI","A"
"SUBINDCOD","85520","MEDENIYYET SAHESINDE TEHSIL FEALIYYETI","A"
"SUBINDCOD","85530","SURUCU HAZIRLAYAN MEKTEBLERIN FEALIYYETI","A"
"SUBINDCOD","85590","DIGER QRUPLARA DAXIL EDILMEYEN TEHSIL SAHESINDE SAIR FEALIYYET","A"
"SUBINDCOD","85600","TEHSIL SAHESINDE YARDIMCI FEALIYYET","A"
"SUBINDCOD","86","Sehiyye sahesinde fealiyyet","A"
"SUBINDCOD","86100","XESTEXANALARIN FEALIYYETI","A"
"SUBINDCOD","86210","UMUMI HEKIM PRAKTIKASI SAHESINDE FEALIYYET","A"
"SUBINDCOD","86220","XUSUSI HEKIM PRAKTIKASI SAHESINDE FEALIYYET","A"
"SUBINDCOD","86230","STOMATOLOGIYA SAHESINDE FEALIYYET","A"
"SUBINDCOD","86900","SEHIYYE SAHESINDE SAIR FEALIYYET","A"
"SUBINDCOD","87","Sosial xidmetlerin gosterilmesi","A"
"SUBINDCOD","87100","ORTA TIBB HEYYETI TEREF XEST QULLUQ VE YASAYIS TEMINATI DAXIL,SOSIAL XIDMETL GOSTERILMESI","A"
"SUBINDCOD","87200","EQLI INKIS QAL, FIZ CATISMAZ OL,ALK VE NARKOT SUI-ISTIF ED PSIX POZULM  OL SEXS YASAY TEMI,SOS XIDM GOST","A"
"SUBINDCOD","87300","QOCALAR VE EMEK QABILIY ITIRMIS SEXSLER UCUN YASAYIS TEMINATI DAXIL, SOSIAL XIDMETLERIN GOSTERILMESI","A"
"SUBINDCOD","87900","YASAYISI TEMIN ETMEKLE SAIR SOSIAL TEMINAT","A"
"SUBINDCOD","88","Yasayisla teminatsiz sosial xidmetlerin gosterilmesi","A"
"SUBINDCOD","88100","QOCALAR VE EMEK QABILIYYETINI ITIRMIS SEXSLER UCUN YASAYISA TEMINATSIZ SOSIAL XIDMETLERIN GOSTERILMESI","A"
"SUBINDCOD","88910","USAQLARA GUNDUZ VAXTI QULLUQ ETME","A"
"SUBINDCOD","88990","DIGER QRUPLARA DAXIL EDILMEYEN YASAYISA TEMINATSIZ SAIR SOSIAL XIDMETLERIN GOSTERILMESI","A"
"SUBINDCOD","90","Incesenet sahesinde sair fealiyyetin gosterilmesi ve medeni eylenceli tedbirlerin heyata kecirilmesi","A"
"SUBINDCOD","90010","SEHNE SENETI","A"
"SUBINDCOD","90012","MUSIQICILER","A"
"SUBINDCOD","90020","SEHNE SENETI SAHESINDE YARDIMCI FEALIYYET","A"
"SUBINDCOD","90030","INCESENETIN SAIR SAHELERI UZRE FEALIYYET","A"
"SUBINDCOD","90040","TEATR VE KONSERT ZALLARININ FEALIYYETI","A"
"SUBINDCOD","91","Kitabxana, arxiv, muzeylerin ve diger medeniyyet muessiselerinin fealiyyeti","A"
"SUBINDCOD","91010","KITABXANA VE ARXIVLERIN FEALIYYETI","A"
"SUBINDCOD","91020","MUZEYLERIN FEALIYYETI","A"
"SUBINDCOD","91030","TARIXI YERLERIN VE BINALARIN MUHAFIZESI SAHESINDE FEALIYYETI","A"
"SUBINDCOD","91040","NEBATET BAGLARININ, HEYVANXANALARIN VE QORUQLARIN FEALIYYETI","A"
"SUBINDCOD","91330","Gənclərin hüquqi maarifləndirilməsi sahəsi","A"
"SUBINDCOD","92","Qumar oyunlarinin teskili ve merc cekmek uzre fealiyyet","A"
"SUBINDCOD","92000","HEVESLENDIRICI OYUNLARIN KECIRILMESI SAHESINDE FEALIYYET","A"
"SUBINDCOD","93","Istirahet ve eylencenin teskili uzre idman ve diger fealiyyet","A"
"SUBINDCOD","93110","IDMAN OBYEKTLERININ ISTISMARI VE IDARE EDILMESI","A"
"SUBINDCOD","93120","IDMAN KLUBLARININ FEALIYYETI","A"
"SUBINDCOD","93130","FITNES KLUBLARININ FEALIYYETI","A"
"SUBINDCOD","93190","IDMAN SAHESINDE SAIR FEALIYYET","A"
"SUBINDCOD","93210","ISTIRAHET VE EYLENCE PARKLARININ FEALIYYETI","A"
"SUBINDCOD","93290","ISTIRAHET VE EYLENCELERIN TESKILI UZRE SAIR FEALIYYET","A"
"SUBINDCOD","94","Ictimai birliklerin (teskilatlarin) fealiyyeti","A"
"SUBINDCOD","94110","KOMMERSIYA VE SAHIBKAR TESKILATLARIN (CEMIYYETLERIN, BIRLIKLERIN, ITTIFAQLARIN) FEALIYYETI","A"
"SUBINDCOD","94120","PESEKAR BIRLIKLERIN (ITTIFAQLARIN) FEALIYYETI","A"
"SUBINDCOD","94200","HEMKARLAR BIRLIKLERININ (ITTIFAQLARININ) FEALIYYETI","A"
"SUBINDCOD","94910","DINI TESKILATLARIN FEALIYYETI","A"
"SUBINDCOD","94920","SIYASI TESKILATLARIN FEALIYYETI","A"
"SUBINDCOD","94990","DIGER QRUPLARA DAXIL EDILMEYEN SAIR ICTIMAI TESKILATLARIN FEALIYYETI","A"
"SUBINDCOD","95","Komputerlerin, sexsi istifade esyalarinin, meiset mallarinin temiri","A"
"SUBINDCOD","95110","KOMPUTERLERIN VE PERIFERIYA AVADANLIQLARININ TEMIRI","A"
"SUBINDCOD","95120","RABITE AVADANLIQLARININ TEMIRI","A"
"SUBINDCOD","95210","MEISET ELEKTRIK AVADANLIQLARININ TEMIRI","A"
"SUBINDCOD","95219","SAAT TELEVIZOR SOYUDUCU VE DIGER MEISHET CIHAZLARININ TEMIRI","A"
"SUBINDCOD","95220","MEISET TEXNIKASININ VE BAG TESERRUFATI AVADANLIQLARININ TEMIRI","A"
"SUBINDCOD","95230","AYAQQABI VE DERIDEN DIGER MEMULATLARIN TEMIRI","A"
"SUBINDCOD","95239","ÇƏKMƏCİ, PİNƏÇİ ","A"
"SUBINDCOD","95240","MEBELLERIN VE EV UCUN OXSAR MEMULATLARIN TEMIRI","A"
"SUBINDCOD","95251","SAATLARIN VE ZERGERLIK MEMULATLARININ TEMIRI","A"
"SUBINDCOD","95252","QIYM METAL VE QIYM DASL MEHSULLARIN, ZERGER VE DIGER MEISET MEMULATLARININ HAZIRLANMASI VE TEMIRI","A"
"SUBINDCOD","95290","SAIR SEXSI ISTIFADE ESYALARININ VE MEISET MALLARININ TEMIRI","A"
"SUBINDCOD","96","Sair ferdi xidmetlerin gosterilmesi","A"
"SUBINDCOD","96010","TOXUCULUQ VE XEZ MEMULATLARININ YUYULMASI, KIMYEVI TEMIZLENMESI VE BOYANMASI","A"
"SUBINDCOD","96020","BERBERXANA VE GOZELLIK SALONLARI TEREFINDEN XIDMETLERIN GOSTERILMESI","A"
"SUBINDCOD","96029","FERDI QAYDADA BERBER FEALIYYETI

","A"
"SUBINDCOD","96030","DEFN MERASIMLERININ TESKILI VE BUNUNLA ELAQEDAR XIDMETLERIN GOSTERILMESI","A"
"SUBINDCOD","96040","FIZIKI RAHATLIGIN TEMIN EDILMESI UZRE FEALIYYET","A"
"SUBINDCOD","96090","DIGER QRUPLARA DAXIL EDILMEYEN SAIR FERDI XIDMETLERIN GOSTERILMESI","A"
"SUBINDCOD","96098","FERDI QAYDADA DERZI FEALIYYETI","A"
"SUBINDCOD","96099","Ferdi yasay.ev-de ve menzil-de ev qulluq-u,xest-re,qoca-a və usaq-a qulluq xidm və diger analoji isler","A"
"SUBINDCOD","97","Muzdlu iscilerle sexsi ev teserrufatlarinin fealiyyeti","A"
"SUBINDCOD","97000","MUZDLU ISCILERLE SEXSI EV TESERRUFATLARININ FEALIYYETI","A"
"SUBINDCOD","97002","MUZDLU ISE GORE EMEK HAQQINDAN GELIR VERGISI ODEYEN FIZIKI SEXS","A"
"SUBINDCOD","98","Sexsi ev teserrufatinda ferdi istehlak ucun istehsal edilen mehsullar ve gosterilen xidmetler","A"
"SUBINDCOD","98100","SEXSI EV TESERRUFATINDA FERDI ISTEHLAK UCUN ISTEHSAL EDILEN MEHSULLAR VE GOSTERILEN XIDMETLER","A"
"SUBINDCOD","98200","EV TESERRUFATLARI TEREFINDEN SEXSI ISTEHLAK UCUN MUXTELIF XIDMETLERIN GOSTERILMESI","A"
"SUBINDCOD","99","Toxunulmazliq huququ olan teskilatlarin fealiyyeti","A"
"SUBINDCOD","99000","TOXUNULMAZLIQ HUQUQU OLAN TESKILATLARIN FEALIYYETI","A"
"SUBINDCOD","99911","BITKICILIK","A"
